timestep,size,edges,density,avg_degree,avg_path_length,diameter,avg_clustering,type
7,51,50,0.0196078431372549,1.9607843137254901,4.462745098039216,11,0.0,illicit
7,34,33,0.029411764705882353,1.9411764705882353,4.105169340463458,10,0.0,illicit
9,97,97,0.010416666666666666,2.0,6.675257731958763,15,0.0,illicit
9,166,173,0.0063161737860533045,2.0843373493975905,9.181891201168309,30,0.013143483023001095,illicit
9,112,112,0.009009009009009009,2.0,12.473616473616474,41,0.0,illicit
11,104,105,0.009802091112770724,2.019230769230769,6.234316654219567,20,0.0,illicit
11,78,77,0.01282051282051282,1.9743589743589745,7.732600732600733,26,0.0,illicit
13,123,123,0.00819672131147541,2.0,4.438491270158603,12,0.0,illicit
13,163,166,0.006286450049231235,2.03680981595092,5.376808301143679,16,0.0,illicit
13,53,52,0.018867924528301886,1.9622641509433962,6.104499274310595,17,0.0,illicit
14,44,44,0.023255813953488372,2.0,4.953488372093023,11,0.03787878787878787,illicit
15,62,61,0.016129032258064516,1.967741935483871,4.773664727657324,13,0.0,illicit
16,55,55,0.018518518518518517,2.0,6.7905723905723905,18,0.0,illicit
16,49,50,0.021258503401360544,2.0408163265306123,4.7023809523809526,11,0.0,illicit
18,39,40,0.02699055330634278,2.051282051282051,4.097165991902834,10,0.0,illicit
20,59,58,0.01694915254237288,1.9661016949152543,7.01344243132671,19,0.0,illicit
20,82,81,0.012195121951219513,1.975609756097561,8.968383017163505,23,0.0,illicit
20,39,38,0.02564102564102564,1.9487179487179487,3.8947368421052633,11,0.0,illicit
21,47,46,0.02127659574468085,1.9574468085106382,7.184088806660499,17,0.0,illicit
21,66,65,0.015151515151515152,1.9696969696969697,9.43916083916084,23,0.0,illicit
21,41,40,0.024390243902439025,1.951219512195122,7.119512195121951,18,0.0,illicit
21,14,13,0.07142857142857142,1.8571428571428572,2.7032967032967035,5,0.0,illicit
22,50,49,0.02,1.96,5.427755102040816,12,0.0,illicit
22,101,103,0.010198019801980198,2.0396039603960396,9.187722772277228,21,0.03564356435643565,illicit
22,85,85,0.011904761904761904,2.0,7.643697478991597,20,0.0,illicit
22,16,15,0.0625,1.875,2.091666666666667,4,0.0,illicit
23,19,18,0.05263157894736842,1.894736842105263,3.473684210526316,7,0.0,illicit
24,90,90,0.011235955056179775,2.0,13.55330836454432,34,0.0,illicit
25,79,82,0.013307367737747485,2.0759493670886076,6.558260305095748,14,0.0,illicit
25,20,20,0.05263157894736842,2.0,2.8526315789473684,5,0.0,illicit
25,39,38,0.02564102564102564,1.9487179487179487,5.0472334682861,10,0.0,illicit
26,57,59,0.018483709273182956,2.0701754385964914,6.105263157894737,14,0.0,illicit
28,74,74,0.0136986301369863,2.0,2.416142169566827,6,0.0,illicit
29,32,31,0.03125,1.9375,4.786290322580645,10,0.0,illicit
29,75,74,0.013333333333333334,1.9733333333333334,19.22810810810811,59,0.0,illicit
29,91,90,0.01098901098901099,1.978021978021978,29.235653235653235,86,0.0,illicit
30,63,63,0.016129032258064516,2.0,5.069636456733231,11,0.03333333333333333,illicit
31,47,46,0.02127659574468085,1.9574468085106382,15.615171137835338,45,0.0,illicit
32,72,71,0.013888888888888888,1.9722222222222223,17.530516431924884,48,0.0,illicit
32,95,94,0.010526315789473684,1.9789473684210526,4.027323628219485,16,0.0,illicit
32,179,179,0.0056179775280898875,2.0,2.8977465319189,12,0.0,illicit
40,63,63,0.016129032258064516,2.0,5.71121351766513,15,0.0,illicit
41,126,129,0.00819047619047619,2.0476190476190474,6.950349206349206,19,0.0,illicit
42,109,114,0.009683995922528032,2.091743119266055,6.565239551478084,18,0.0,illicit
43,64,63,0.015625,1.96875,7.132440476190476,18,0.0,illicit
1,159,160,0.006368919672000637,2.0125786163522013,11.619775495581562,37,0.0,licit
1,374,397,0.0028458373356654385,2.122994652406417,5.087511290160714,16,0.0131938453360907,licit
1,161,220,0.008540372670807454,2.732919254658385,7.305745341614907,20,0.04857534859169379,licit
1,171,176,0.006054351565187479,2.0584795321637426,7.1497076023391815,23,0.011707696661007357,licit
1,106,105,0.009433962264150943,1.9811320754716981,12.759568733153639,34,0.0,licit
1,155,162,0.006786761625471303,2.0903225806451613,7.61767909509845,22,0.017627104078716985,licit
1,501,575,0.0022954091816367265,2.2954091816367264,4.257780439121756,16,0.039867984755612026,licit
1,153,163,0.0070089439284485725,2.130718954248366,8.860079119367045,24,0.013215542627307333,licit
1,170,175,0.0060911938739993034,2.0588235294117645,12.48284023668639,45,0.0,licit
1,135,138,0.0076285240464344945,2.0444444444444443,8.256274184632394,31,0.0,licit
1,156,156,0.0064516129032258064,2.0,9.350951199338295,23,0.0,licit
1,46,54,0.02608695652173913,2.347826086956522,6.5951690821256035,18,0.15367494824016562,licit
1,202,313,0.0077089798532092016,3.099009900990099,6.340081769370967,25,0.1006884204904007,licit
1,169,191,0.006727247111862496,2.260355029585799,11.054663285432516,35,0.009072978303747533,licit
1,52,51,0.019230769230769232,1.9615384615384615,8.287330316742082,21,0.0,licit
1,88,87,0.011363636363636364,1.9772727272727273,12.21551724137931,32,0.0,licit
1,133,137,0.007803599908863067,2.0601503759398496,11.89086352244247,31,0.0,licit
1,324,388,0.003707525895348393,2.3950617283950617,4.2368229943049345,14,0.11410351861052107,licit
1,329,349,0.003234116687671436,2.121580547112462,7.1652642894210095,27,0.012163899929857377,licit
1,107,106,0.009345794392523364,1.9813084112149533,12.84993828248986,33,0.0,licit
1,148,161,0.0074002574002574005,2.175675675675676,8.801342158485015,23,0.004826254826254825,licit
1,284,295,0.0036704324889264917,2.0774647887323945,5.799706365400886,16,0.009984483170207687,licit
1,197,198,0.005127939500673365,2.010152284263959,12.962136123484926,34,0.0,licit
1,161,238,0.00923913043478261,2.9565217391304346,5.5456521739130435,15,0.008281573498964802,licit
1,93,92,0.010752688172043012,1.978494623655914,16.667601683029453,47,0.0,licit
1,325,358,0.003399810066476733,2.203076923076923,6.757929724596392,22,0.03487988043171989,licit
1,103,103,0.00980392156862745,2.0,13.527888825433086,36,0.0,licit
1,100,99,0.01,1.98,10.66020202020202,29,0.0,licit
1,92,92,0.01098901098901099,2.0,11.982799808886766,33,0.0,licit
1,229,246,0.004711560560790623,2.148471615720524,10.905309124339233,28,0.0,licit
1,141,144,0.00729483282674772,2.0425531914893615,10.688348530901722,29,0.019161683585963936,licit
1,94,93,0.010638297872340425,1.9787234042553192,9.953328757721346,23,0.0,licit
1,94,97,0.011095859071150767,2.0638297872340425,8.738732555479295,22,0.0,licit
1,99,100,0.01030715316429602,2.0202020202020203,14.822716965574108,42,0.03771043771043771,licit
1,96,97,0.010635964912280702,2.0208333333333335,13.87280701754386,37,0.0,licit
1,196,198,0.005180533751962323,2.020408163265306,7.51585557299843,23,0.0,licit
1,87,86,0.011494252873563218,1.9770114942528736,10.074311681368618,27,0.0,licit
1,82,81,0.012195121951219513,1.975609756097561,17.787714543812104,52,0.0,licit
1,53,52,0.018867924528301886,1.9622641509433962,7.547169811320755,20,0.0,licit
1,58,60,0.018148820326678767,2.0689655172413794,8.94313369630974,21,0.0,licit
1,137,138,0.007406612279948476,2.0145985401459856,11.86410476599399,31,0.0,licit
1,88,87,0.011363636363636364,1.9772727272727273,10.598223615464995,32,0.0,licit
1,89,89,0.011363636363636364,2.0,21.769662921348313,54,0.008614232209737827,licit
1,101,100,0.009900990099009901,1.9801980198019802,3.297029702970297,5,0.0,licit
1,88,87,0.011363636363636364,1.9772727272727273,12.57601880877743,30,0.0,licit
1,61,64,0.017486338797814208,2.098360655737705,7.080874316939891,17,0.0,licit
1,72,71,0.013888888888888888,1.9722222222222223,11.165101721439749,33,0.0,licit
1,18,17,0.05555555555555555,1.8888888888888888,5.0,12,0.0,licit
1,87,87,0.011627906976744186,2.0,6.825715049452018,17,0.0,licit
2,112,116,0.00933075933075933,2.0714285714285716,10.263513513513514,24,0.012499999999999999,licit
2,104,108,0.010082150858849889,2.076923076923077,7.500746825989545,20,0.0,licit
2,82,82,0.012345679012345678,2.0,11.099066546221017,32,0.0,licit
2,95,95,0.010638297872340425,2.0,6.778051511758119,20,0.0,licit
2,142,146,0.007291978823294376,2.056338028169014,12.756667665567875,33,0.005868544600938967,licit
2,112,112,0.009009009009009009,2.0,11.890122265122265,34,0.0,licit
2,94,96,0.01098146877144818,2.0425531914893615,10.346145046900023,27,0.008865248226950354,licit
2,139,143,0.007454905640704827,2.0575539568345325,6.948389114795121,18,0.0,licit
2,93,93,0.010869565217391304,2.0,6.562178588125292,18,0.02156196943972835,licit
2,133,177,0.010082023239917977,2.661654135338346,6.85850991114149,18,0.060150375939849635,licit
2,127,127,0.007936507936507936,2.0,10.750031246094238,38,0.0,licit
2,73,73,0.013888888888888888,2.0,5.773972602739726,20,0.0,licit
2,249,286,0.0046314289415727425,2.2971887550200805,5.400667184868507,18,0.012119700333424797,licit
2,92,92,0.01098901098901099,2.0,7.384376493072145,24,0.0,licit
2,84,83,0.011904761904761904,1.9761904761904763,5.878370625358577,16,0.0,licit
2,103,105,0.009994288977727013,2.0388349514563107,9.001142204454597,21,0.019947043248014117,licit
2,59,59,0.017241379310344827,2.0,6.9754529514903565,17,0.02320419693301049,licit
2,82,81,0.012195121951219513,1.975609756097561,21.236374585968083,61,0.0,licit
2,113,117,0.009244627054361567,2.0707964601769913,9.314317319848293,22,0.020648967551622415,licit
2,149,155,0.007028840921458371,2.0805369127516777,5.008343914384183,13,0.009626466002304927,licit
2,129,133,0.008054748062015504,2.062015503875969,9.546753875968992,25,0.0103359173126615,licit
2,109,109,0.009259259259259259,2.0,9.671423717295276,25,0.0,licit
2,81,81,0.0125,2.0,6.855246913580247,16,0.0,licit
2,80,79,0.0125,1.975,5.6914556962025316,16,0.0,licit
2,79,78,0.012658227848101266,1.9746835443037976,10.395326192794547,24,0.0,licit
2,81,80,0.012345679012345678,1.9753086419753085,6.304320987654321,14,0.0,licit
2,53,54,0.019593613933236574,2.0377358490566038,5.270682148040638,12,0.027044025157232705,licit
2,64,64,0.015873015873015872,2.0,7.187996031746032,19,0.0,licit
2,68,69,0.01514486391571554,2.0294117647058822,8.417910447761194,22,0.024509803921568624,licit
2,58,57,0.017241379310344827,1.9655172413793103,14.427707199032064,39,0.0,licit
2,81,80,0.012345679012345678,1.9753086419753085,14.583333333333334,36,0.0,licit
2,97,106,0.01138316151202749,2.185567010309278,5.19995704467354,14,0.020660126371799134,licit
2,49,49,0.020833333333333332,2.0,7.562925170068027,22,0.0,licit
2,89,90,0.011491317671092951,2.0224719101123596,6.805924412665986,16,0.0,licit
2,58,58,0.017543859649122806,2.0,8.409558378705384,21,0.0,licit
2,23,22,0.043478260869565216,1.9130434782608696,3.841897233201581,8,0.0,licit
2,40,40,0.02564102564102564,2.0,7.21025641025641,18,0.0,licit
2,30,29,0.03333333333333333,1.9333333333333333,7.119540229885057,17,0.0,licit
3,170,174,0.006056387051862165,2.0470588235294116,9.635502958579881,25,0.0,licit
3,93,94,0.010986442262739598,2.021505376344086,11.041608228143993,27,0.0,licit
3,103,102,0.009708737864077669,1.9805825242718447,13.227869788692177,38,0.0,licit
3,102,103,0.009998058629392351,2.019607843137255,11.38672102504368,26,0.0,licit
3,167,170,0.00613231368588125,2.035928143712575,13.814515547218816,34,0.0,licit
3,185,196,0.005757931844888367,2.118918918918919,10.829024676850764,24,0.0,licit
3,93,94,0.010986442262739598,2.021505376344086,13.463300607760635,34,0.0,licit
3,121,121,0.008333333333333333,2.0,15.409090909090908,35,0.0,licit
3,135,154,0.008512990602542842,2.2814814814814817,9.098175787728026,26,0.04106753812636165,licit
3,154,157,0.0066632713691537225,2.038961038961039,11.956794839147781,30,0.0,licit
3,156,165,0.006823821339950372,2.1153846153846154,10.406451612903226,27,0.0,licit
3,89,89,0.011363636363636364,2.0,10.604443309499489,26,0.0,licit
3,324,379,0.0036215265833428887,2.3395061728395063,7.340289722126667,20,0.0029888835444390996,licit
3,168,186,0.006629597946963216,2.2142857142857144,9.30717137154263,32,0.010317460317460317,licit
3,109,109,0.009259259259259259,2.0,13.247366632687733,34,0.0,licit
3,196,204,0.005337519623233909,2.0816326530612246,15.033490319204605,46,0.0,licit
3,97,100,0.010738831615120275,2.0618556701030926,10.677835051546392,27,0.0,licit
3,158,165,0.006651616544384423,2.088607594936709,12.718858340724019,47,0.008531893770166294,licit
3,133,134,0.0076327181590339485,2.0150375939849625,11.479380268853953,29,0.0,licit
3,104,104,0.009708737864077669,2.0,13.708364451082897,32,0.0,licit
3,42,41,0.023809523809523808,1.9523809523809523,9.039488966318235,23,0.0,licit
3,328,416,0.003878570895800701,2.5365853658536586,5.9381666293727156,18,0.030923639695139647,licit
3,110,109,0.00909090909090909,1.981818181818182,20.511759799833193,53,0.0,licit
3,127,136,0.0084989376327959,2.141732283464567,7.215723034620672,17,0.006036745406824147,licit
3,111,117,0.009582309582309583,2.108108108108108,10.78034398034398,29,0.0,licit
3,84,84,0.012048192771084338,2.0,10.841939185312679,25,0.0,licit
3,105,106,0.009706959706959707,2.019047619047619,11.497252747252746,27,0.0,licit
3,94,95,0.010867078471745596,2.021276595744681,10.858613589567605,32,0.0,licit
3,239,256,0.004500544987869625,2.1422594142259412,11.99968355543054,36,0.01413718777735514,licit
3,156,157,0.006492969396195203,2.0128205128205128,9.805872622001655,25,0.0,licit
3,108,114,0.009865005192107996,2.111111111111111,10.256490134994808,25,0.005555555555555556,licit
3,89,92,0.01174668028600613,2.067415730337079,8.015832482124617,22,0.016853932584269662,licit
3,88,88,0.011494252873563218,2.0,9.341170323928944,24,0.0,licit
3,84,84,0.012048192771084338,2.0,10.872346528973035,28,0.0,licit
3,67,66,0.014925373134328358,1.9701492537313432,10.535504296698326,27,0.0,licit
3,103,102,0.009708737864077669,1.9805825242718447,13.216828478964402,33,0.0,licit
3,207,209,0.004901271047324234,2.0193236714975846,12.909385113268609,31,0.0,licit
3,91,92,0.011233211233211233,2.021978021978022,9.3995115995116,28,0.03406593406593407,licit
3,89,88,0.011235955056179775,1.9775280898876404,12.40194075587334,32,0.0,licit
3,47,46,0.02127659574468085,1.9574468085106382,6.3792784458834415,15,0.0,licit
4,911,1904,0.0022967153592839654,4.180021953896817,4.293255811148237,13,0.033035928166768924,licit
4,270,283,0.003896461517279361,2.096296296296296,7.812419110560374,24,0.004962478818687968,licit
4,150,158,0.0070693512304250555,2.1066666666666665,9.082237136465324,25,0.01111111111111111,licit
4,525,860,0.0031261359505634313,3.276190476190476,4.503904034896402,12,0.04256444445960097,licit
4,98,99,0.010414475068377867,2.020408163265306,8.891647380601725,21,0.0,licit
4,60,59,0.016666666666666666,1.9666666666666666,9.691525423728814,28,0.0,licit
4,92,97,0.011586239847109412,2.108695652173913,7.764214046822742,20,0.0,licit
4,35,34,0.02857142857142857,1.9428571428571428,7.5663865546218485,19,0.0,licit
4,46,45,0.021739130434782608,1.9565217391304348,5.230917874396135,12,0.0,licit
4,94,93,0.010638297872340425,1.9787234042553192,9.422786547700754,27,0.0,licit
4,142,145,0.007242033762860853,2.0422535211267605,7.777245030466487,22,0.0,licit
4,70,69,0.014285714285714285,1.9714285714285715,8.826086956521738,23,0.0,licit
4,89,95,0.012129724208375894,2.134831460674157,8.028345250255363,23,0.01342964151952916,licit
4,76,75,0.013157894736842105,1.9736842105263157,14.97859649122807,45,0.0,licit
4,93,93,0.010869565217391304,2.0,11.155680224403927,31,0.0,licit
4,32,31,0.03125,1.9375,3.7056451612903225,8,0.0,licit
4,85,84,0.011764705882352941,1.9764705882352942,7.738935574229692,24,0.0,licit
4,85,85,0.011904761904761904,2.0,8.257703081232494,20,0.0,licit
4,110,109,0.00909090909090909,1.981818181818182,13.665221017514595,41,0.0,licit
4,156,157,0.006492969396195203,2.0128205128205128,7.135814722911497,19,0.0,licit
4,123,127,0.008463281354125017,2.065040650406504,6.439557510329202,17,0.0163643944131749,licit
4,74,74,0.0136986301369863,2.0,10.888930025916327,33,0.0,licit
4,87,87,0.011627906976744186,2.0,6.673883988238439,20,0.015873015873015872,licit
4,51,50,0.0196078431372549,1.9607843137254901,5.094901960784314,12,0.0,licit
4,28,24,0.031746031746031744,1.7142857142857142,3.0555555555555554,7,0.0,licit
4,144,147,0.007138694638694639,2.0416666666666665,11.233197358197359,34,0.004166666666666667,licit
4,38,37,0.02631578947368421,1.9473684210526316,6.762446657183499,17,0.0,licit
4,109,108,0.009174311926605505,1.981651376146789,17.769283044512402,56,0.0,licit
4,137,137,0.007352941176470588,2.0,7.5435809360240444,19,0.0,licit
4,19,18,0.05263157894736842,1.894736842105263,4.2105263157894735,9,0.0,licit
4,20,21,0.05526315789473684,2.1,3.1052631578947367,7,0.08333333333333333,licit
4,30,29,0.03333333333333333,1.9333333333333333,6.517241379310345,16,0.0,licit
4,45,44,0.022222222222222223,1.9555555555555555,6.2,16,0.0,licit
5,205,210,0.005021520803443328,2.048780487804878,13.874940219990435,35,0.0,licit
5,93,92,0.010752688172043012,1.978494623655914,10.381954184198223,25,0.0,licit
5,95,95,0.010638297872340425,2.0,4.646808510638298,15,0.0,licit
5,514,591,0.0022413361549138734,2.299610894941634,5.186383598425376,17,0.022248819148020172,licit
5,66,65,0.015151515151515152,1.9696969696969697,7.583216783216783,19,0.0,licit
5,194,201,0.005368302975268415,2.0721649484536084,6.324875807916244,22,0.008643160049718506,licit
5,276,330,0.004347826086956522,2.391304347826087,7.511251646903821,20,0.015237520128824478,licit
5,138,141,0.007457949857188194,2.0434782608695654,12.665608801438697,37,0.0,licit
5,95,94,0.010526315789473684,1.9789473684210526,13.327659574468084,34,0.0,licit
5,106,106,0.009523809523809525,2.0,6.384546271338724,18,0.0,licit
5,86,85,0.011627906976744186,1.9767441860465116,10.158960328317374,35,0.0,licit
5,270,305,0.0041993666528982515,2.259259259259259,6.659314332920281,24,0.0,licit
5,111,111,0.00909090909090909,2.0,6.880262080262081,18,0.010553410553410554,licit
5,100,102,0.010303030303030303,2.04,11.6610101010101,33,0.007142857142857142,licit
5,110,113,0.009424520433694746,2.0545454545454547,8.73277731442869,22,0.0069696969696969695,licit
5,108,112,0.009691934925579786,2.074074074074074,11.42557978539287,30,0.0067901234567901226,licit
5,196,210,0.005494505494505495,2.142857142857143,12.518942961800105,33,0.0104875283446712,licit
5,78,78,0.012987012987012988,2.0,12.13020313020313,33,0.018376068376068377,licit
5,249,270,0.004372328021764477,2.1686746987951806,3.262663557455629,16,0.07068765823203864,licit
5,87,87,0.011627906976744186,2.0,14.142742582197274,39,0.0,licit
5,106,105,0.009433962264150943,1.9811320754716981,15.783468104222822,48,0.0,licit
5,65,64,0.015384615384615385,1.9692307692307693,9.63076923076923,27,0.0,licit
5,95,94,0.010526315789473684,1.9789473684210526,7.497424412094065,22,0.0,licit
5,307,378,0.004023759340869898,2.462540716612378,7.833365267931277,22,0.027214208158833565,licit
5,76,76,0.013333333333333334,2.0,11.127368421052632,26,0.009649122807017543,licit
5,110,113,0.009424520433694746,2.0545454545454547,10.4442035029191,26,0.019155844155844155,licit
5,205,211,0.00504543280726925,2.0585365853658537,9.162410329985653,25,0.005702270815811606,licit
5,179,189,0.005931831021279267,2.111731843575419,8.546042307450882,25,0.008007448789571695,licit
5,88,87,0.011363636363636364,1.9772727272727273,9.698275862068966,31,0.0,licit
5,94,94,0.010752688172043012,2.0,8.465110958590712,26,0.014320785597381341,licit
5,70,69,0.014285714285714285,1.9714285714285715,14.615734989648033,40,0.0,licit
5,184,195,0.005791161796151105,2.119565217391304,6.945711570444286,24,0.010882820784729587,licit
5,106,106,0.009523809523809525,2.0,15.590655884995508,38,0.0,licit
5,106,106,0.009523809523809525,2.0,14.649236298292902,45,0.0,licit
5,54,53,0.018518518518518517,1.962962962962963,9.46261355695318,23,0.0,licit
5,78,77,0.01282051282051282,1.9743589743589745,10.910755910755912,30,0.0,licit
5,61,61,0.016666666666666666,2.0,8.262295081967213,21,0.0,licit
5,158,160,0.0064500524066758045,2.0253164556962027,13.634040151576231,30,0.0,licit
5,64,63,0.015625,1.96875,13.61656746031746,35,0.0,licit
5,94,95,0.010867078471745596,2.021276595744681,5.83276138183482,14,0.0,licit
5,75,74,0.013333333333333334,1.9733333333333334,8.323603603603603,23,0.0,licit
5,164,166,0.0062097860242406105,2.024390243902439,8.762008080203502,19,0.0036585365853658534,licit
5,139,143,0.007454905640704827,2.0575539568345325,7.1433635700135545,22,0.004818299206788415,licit
5,69,68,0.014492753623188406,1.9710144927536233,7.26768968456948,17,0.0,licit
5,64,63,0.015625,1.96875,8.797619047619047,21,0.0,licit
5,94,94,0.010752688172043012,2.0,12.841226264012812,33,0.0,licit
5,24,23,0.041666666666666664,1.9166666666666667,5.420289855072464,13,0.0,licit
5,88,88,0.011494252873563218,2.0,5.794670846394984,13,0.0,licit
6,126,126,0.008,2.0,6.704634920634921,18,0.0,licit
6,174,190,0.006311872965251478,2.1839080459770117,5.834097402165969,17,0.011548987411056377,licit
6,244,276,0.004654928152195912,2.262295081967213,5.655501585374081,22,0.03006645990252547,licit
6,84,83,0.011904761904761904,1.9761904761904763,20.68273092369478,60,0.0,licit
6,109,109,0.009259259259259259,2.0,7.340299014610941,23,0.0,licit
6,79,82,0.013307367737747485,2.0759493670886076,9.429730606945796,29,0.01710778672803989,licit
6,116,116,0.008695652173913044,2.0,15.423388305847077,47,0.0,licit
6,84,86,0.012335054503729202,2.0476190476190474,11.891566265060241,33,0.011904761904761904,licit
6,156,174,0.007196029776674938,2.230769230769231,6.295450785773366,19,0.008560794044665013,licit
6,174,188,0.0062454321971962,2.160919540229885,7.268553584479436,20,0.005747126436781609,licit
6,80,79,0.0125,1.975,14.712341772151898,40,0.0,licit
6,116,117,0.008770614692653673,2.0172413793103448,16.744227886056972,44,0.0,licit
6,90,90,0.011235955056179775,2.0,17.323845193508117,51,0.0,licit
6,153,161,0.006922944616443069,2.104575163398693,7.132782937736498,21,0.00980392156862745,licit
6,143,148,0.0072884861617255985,2.06993006993007,13.703535900718999,38,0.0,licit
6,94,95,0.010867078471745596,2.021276595744681,13.049874170670327,32,0.0,licit
6,40,40,0.02564102564102564,2.0,4.811538461538461,11,0.0,licit
6,93,95,0.011103319308087892,2.043010752688172,4.857176250584385,15,0.0071815718157181565,licit
6,60,59,0.016666666666666666,1.9666666666666666,11.957627118644067,32,0.0,licit
6,74,73,0.013513513513513514,1.972972972972973,6.08034061458719,16,0.0,licit
6,96,96,0.010526315789473684,2.0,8.188157894736841,24,0.014260912698412698,licit
6,42,41,0.023809523809523808,1.9523809523809523,7.042973286875726,16,0.0,licit
6,74,73,0.013513513513513514,1.972972972972973,5.477971121806738,19,0.0,licit
7,73,74,0.014079147640791476,2.0273972602739727,6.634322678843227,21,0.01608246038141284,licit
7,300,328,0.0036566332218506132,2.1866666666666665,5.788985507246377,17,0.0004814525180116578,licit
7,359,460,0.00357915376355799,2.562674094707521,4.106596536001619,11,0.05026242890469917,licit
7,146,148,0.006991025035427491,2.0273972602739727,12.887576759565423,34,0.0,licit
7,188,196,0.005575150756627603,2.0851063829787235,11.646717487768802,33,0.0,licit
7,114,131,0.01016922838068623,2.2982456140350878,9.980903586399627,28,0.0809732664995823,licit
7,94,93,0.010638297872340425,1.9787234042553192,8.873255547929535,21,0.0,licit
7,117,118,0.008694370763336281,2.017094017094017,11.899498968464485,27,0.0,licit
7,265,283,0.004045168667810177,2.1358490566037736,2.7397941680960547,12,0.0874248314183841,licit
7,79,79,0.01282051282051282,2.0,9.845180136319376,30,0.0,licit
7,226,238,0.004680432645034415,2.106194690265487,7.260137659783678,27,0.0080453021391844,licit
7,57,56,0.017543859649122806,1.9649122807017543,8.119047619047619,21,0.0,licit
7,178,194,0.0061575572906747925,2.1797752808988764,7.539516282612835,25,0.024332928215942094,licit
7,82,82,0.012345679012345678,2.0,7.847636254140319,19,0.0,licit
7,150,154,0.006890380313199105,2.0533333333333332,8.208948545861297,21,0.015593542260208926,licit
7,80,80,0.012658227848101266,2.0,7.714556962025316,23,0.0,licit
7,88,88,0.011494252873563218,2.0,10.83594566353187,29,0.023863636363636365,licit
7,95,96,0.010750279955207167,2.0210526315789474,12.47458006718925,33,0.02210526315789474,licit
7,116,117,0.008770614692653673,2.0172413793103448,8.957871064467765,22,0.0,licit
7,88,87,0.011363636363636364,1.9772727272727273,9.268808777429467,26,0.0,licit
7,142,146,0.007291978823294376,2.056338028169014,8.064429127959245,22,0.0,licit
7,156,161,0.006658395368072788,2.0641025641025643,7.3352357320099255,18,0.01648351648351648,licit
7,87,87,0.011627906976744186,2.0,6.283614006950013,15,0.023055723600188212,licit
7,61,62,0.016939890710382512,2.0327868852459017,7.840983606557377,18,0.0,licit
7,54,53,0.018518518518518517,1.962962962962963,13.68763102725367,37,0.0,licit
7,90,96,0.01198501872659176,2.1333333333333333,7.888639200998751,25,0.024074074074074074,licit
7,107,107,0.009433962264150943,2.0,9.873038264856286,28,0.0,licit
7,68,67,0.014705882352941176,1.9705882352941178,12.016681299385425,34,0.0,licit
7,93,96,0.011220196353436185,2.064516129032258,9.262505843852267,25,0.0,licit
7,117,116,0.008547008547008548,1.982905982905983,8.699970527556735,25,0.0,licit
7,124,126,0.008261211644374508,2.032258064516129,7.713742460005245,27,0.005600358422939068,licit
7,112,111,0.008928571428571428,1.9821428571428572,22.046814671814673,60,0.0,licit
7,47,46,0.02127659574468085,1.9574468085106382,8.614246068455135,20,0.0,licit
7,58,57,0.017241379310344827,1.9655172413793103,12.05686630369026,33,0.0,licit
7,51,50,0.0196078431372549,1.9607843137254901,9.822745098039215,25,0.0,licit
8,95,94,0.010526315789473684,1.9789473684210526,7.367973124300112,21,0.0,licit
8,87,86,0.011494252873563218,1.9770114942528736,10.315958299919808,27,0.0,licit
8,92,92,0.01098901098901099,2.0,11.359053989488773,29,0.014794685990338162,licit
8,59,58,0.01694915254237288,1.9661016949152543,6.822910578609001,21,0.0,licit
8,248,281,0.00458730573331592,2.2661290322580645,6.547832049105394,19,0.00814056310130164,licit
8,86,87,0.011901504787961696,2.0232558139534884,6.326675786593707,17,0.0,licit
8,271,320,0.004373377067104004,2.3616236162361623,6.113188465217985,21,0.0,licit
8,174,187,0.00621221181316856,2.1494252873563218,7.44455517905787,24,0.0,licit
8,74,74,0.0136986301369863,2.0,4.576823398741207,16,0.0,licit
8,163,175,0.006627281678406423,2.147239263803681,7.113231841248201,16,0.0,licit
8,103,103,0.00980392156862745,2.0,6.6367789834380355,19,0.0,licit
8,56,55,0.017857142857142856,1.9642857142857142,4.912987012987013,14,0.0,licit
8,122,124,0.008399945806801246,2.0327868852459017,8.271643408752201,24,0.0015482695810564663,licit
8,93,95,0.011103319308087892,2.043010752688172,9.280504908835905,31,0.0,licit
8,81,80,0.012345679012345678,1.9753086419753085,8.660493827160494,20,0.0,licit
8,46,45,0.021739130434782608,1.9565217391304348,4.104347826086957,10,0.0,licit
8,58,57,0.017241379310344827,1.9655172413793103,4.089534180278282,10,0.0,licit
8,75,75,0.013513513513513514,2.0,3.93009009009009,12,0.0,licit
8,80,81,0.012816455696202532,2.025,7.832594936708861,21,0.02544642857142857,licit
8,85,88,0.012324929971988795,2.070588235294118,8.44593837535014,22,0.025882352941176474,licit
8,87,88,0.011761561079925154,2.0229885057471266,7.915263298583267,24,0.0,licit
8,122,127,0.008603170302127082,2.081967213114754,5.608183173011787,25,0.04920191712603808,licit
8,95,94,0.010526315789473684,1.9789473684210526,10.512877939529675,34,0.0,licit
8,91,90,0.01098901098901099,1.978021978021978,9.125763125763125,27,0.0,licit
8,64,65,0.016121031746031748,2.03125,5.568452380952381,13,0.010850694444444444,licit
8,80,80,0.012658227848101266,2.0,6.681962025316456,19,0.0,licit
8,74,73,0.013513513513513514,1.972972972972973,8.054054054054054,18,0.0,licit
8,68,67,0.014705882352941176,1.9705882352941178,4.194907813871818,10,0.0,licit
8,39,38,0.02564102564102564,1.9487179487179487,6.407557354925776,19,0.0,licit
8,61,63,0.01721311475409836,2.0655737704918034,4.547540983606558,10,0.008561020036429874,licit
8,48,48,0.02127659574468085,2.0,4.2313829787234045,10,0.0,licit
9,143,146,0.007189993105486063,2.041958041958042,9.348468432975475,26,0.0010073260073260072,licit
9,98,103,0.010835261939827477,2.1020408163265305,6.239638123290553,16,0.013969873663751214,licit
9,53,53,0.019230769230769232,2.0,5.77866473149492,17,0.0,licit
9,67,66,0.014925373134328358,1.9701492537313432,10.363636363636363,29,0.0,licit
9,108,111,0.00960539979231568,2.0555555555555554,6.911214953271028,18,0.0,licit
9,117,119,0.008768051871500147,2.034188034188034,8.518567639257295,28,0.0,licit
9,97,96,0.010309278350515464,1.9793814432989691,9.754725085910653,28,0.0,licit
9,54,53,0.018518518518518517,1.962962962962963,5.73864430468204,16,0.0,licit
9,169,175,0.00616370808678501,2.0710059171597632,5.3890532544378695,30,0.04737330213063182,licit
9,194,212,0.005662090700283105,2.185567010309278,5.319480796965974,21,0.055933807449877804,licit
9,55,56,0.018855218855218854,2.036363636363636,7.62020202020202,21,0.0,licit
9,84,83,0.011904761904761904,1.9761904761904763,15.294033275960986,41,0.0,licit
9,144,158,0.007672882672882673,2.1944444444444446,4.9326923076923075,19,0.07877042755951985,licit
9,129,134,0.00811531007751938,2.0775193798449614,16.749636627906977,48,0.0,licit
9,62,63,0.016657852987837122,2.032258064516129,7.696985721840296,21,0.017497556207233627,licit
9,75,74,0.013333333333333334,1.9733333333333334,13.667747747747748,40,0.0,licit
9,58,57,0.017241379310344827,1.9655172413793103,6.606170598911071,17,0.0,licit
9,151,151,0.006666666666666667,2.0,8.706401766004415,25,0.0,licit
9,55,66,0.022222222222222223,2.4,5.7131313131313135,13,0.04747474747474747,licit
10,229,230,0.0044051175974871674,2.0087336244541483,5.594231211215813,16,0.0,licit
10,514,741,0.0028102031993082577,2.8832684824902723,5.109169378266245,13,0.02266265550671198,licit
10,622,898,0.0023248468655989976,2.887459807073955,4.154894864107781,15,0.10146034967042672,licit
10,647,972,0.0023255702671534733,3.0046367851622873,4.091635124724257,15,0.09537455155678023,licit
10,92,105,0.01254180602006689,2.282608695652174,5.487338748208313,17,0.03845188151538266,licit
10,248,272,0.004440381350398329,2.193548387096774,7.010121457489879,24,0.012029607346602512,licit
10,27,26,0.037037037037037035,1.9259259259259258,6.262108262108262,15,0.0,licit
10,168,224,0.007984031936127744,2.6666666666666665,4.903264898773881,11,0.0,licit
10,76,75,0.013157894736842105,1.9736842105263157,10.555438596491229,28,0.0,licit
10,377,513,0.003618996557367797,2.7214854111405837,5.826076528020769,16,0.02457204417965024,licit
10,119,127,0.009044295684375444,2.134453781512605,9.331291838769406,27,0.03941225613052239,licit
10,88,88,0.011494252873563218,2.0,6.698014629049112,16,0.0,licit
10,39,40,0.02699055330634278,2.051282051282051,5.565452091767881,12,0.0,licit
10,98,98,0.010309278350515464,2.0,12.447086050915212,41,0.0,licit
10,73,77,0.014649923896499238,2.1095890410958904,5.991248097412481,14,0.0,licit
10,75,74,0.013333333333333334,1.9733333333333334,10.847567567567568,29,0.0,licit
10,73,72,0.0136986301369863,1.9726027397260273,9.882039573820396,26,0.0,licit
10,79,78,0.012658227848101266,1.9746835443037976,19.202856215514444,53,0.0,licit
10,61,60,0.01639344262295082,1.9672131147540983,8.083060109289617,19,0.0,licit
10,63,62,0.015873015873015872,1.9682539682539681,7.95289298515105,22,0.0,licit
10,105,106,0.009706959706959707,2.019047619047619,10.367948717948718,27,0.0,licit
10,101,104,0.010297029702970298,2.0594059405940595,8.359009900990099,23,0.019896275341819897,licit
10,87,88,0.011761561079925154,2.0229885057471266,11.47928361400695,27,0.0,licit
10,76,75,0.013157894736842105,1.9736842105263157,6.810526315789474,16,0.0,licit
11,220,255,0.005292652552926526,2.3181818181818183,2.4289331672893315,8,0.18485793429663708,licit
11,150,154,0.006890380313199105,2.0533333333333332,4.453601789709173,14,0.0,licit
11,108,112,0.009691934925579786,2.074074074074074,4.184146763586016,16,0.038432928727046366,licit
11,90,89,0.011111111111111112,1.9777777777777779,4.579275905118601,15,0.0,licit
11,103,114,0.010850942318675044,2.2135922330097086,2.3184846754235675,6,0.1035890897338841,licit
11,75,75,0.013513513513513514,2.0,12.145585585585586,37,0.0,licit
11,272,334,0.0045311482526589975,2.4558823529411766,5.049110049924028,18,0.016304157931516423,licit
11,67,69,0.015603799185888738,2.0597014925373136,17.009497964721845,50,0.0,licit
11,191,231,0.006365389914577018,2.418848167539267,4.171727748691099,11,0.16066289115272392,licit
11,35,35,0.029411764705882353,2.0,7.092436974789916,19,0.0,licit
11,80,79,0.0125,1.975,9.26740506329114,27,0.0,licit
11,109,111,0.009429153924566768,2.036697247706422,8.53754672103296,29,0.0,licit
11,24,28,0.050724637681159424,2.3333333333333335,3.1884057971014492,7,0.0,licit
11,117,118,0.008694370763336281,2.017094017094017,5.842617152961981,16,0.0,licit
11,82,81,0.012195121951219513,1.975609756097561,13.380608250526949,40,0.0,licit
11,110,113,0.009424520433694746,2.0545454545454547,2.8190158465387825,9,0.05455696202531646,licit
11,54,54,0.018867924528301886,2.0,4.911949685534591,10,0.0,licit
11,79,78,0.012658227848101266,1.9746835443037976,6.749756572541383,17,0.0,licit
12,137,145,0.007782310004293688,2.116788321167883,2.3824602833834265,7,0.12166470047607877,licit
12,98,151,0.015884704397222806,3.0816326530612246,3.3873343151693667,10,0.2655579114762789,licit
12,54,54,0.018867924528301886,2.0,5.73025856044724,15,0.0,licit
12,51,50,0.0196078431372549,1.9607843137254901,7.477647058823529,15,0.0,licit
12,42,41,0.023809523809523808,1.9523809523809523,7.35075493612079,15,0.0,licit
12,58,58,0.017543859649122806,2.0,6.3774954627949185,17,0.0,licit
12,71,70,0.014084507042253521,1.971830985915493,5.068008048289738,15,0.0,licit
12,60,60,0.01694915254237288,2.0,8.431638418079096,29,0.0,licit
12,53,52,0.018867924528301886,1.9622641509433962,7.602322206095791,24,0.0,licit
12,105,108,0.00989010989010989,2.057142857142857,4.8901098901098905,17,0.0013748657357679913,licit
12,51,51,0.02,2.0,7.515294117647059,18,0.0,licit
12,36,36,0.02857142857142857,2.0,5.911111111111111,14,0.0,licit
12,62,61,0.016129032258064516,1.967741935483871,4.992067689053411,14,0.0,licit
12,48,47,0.020833333333333332,1.9583333333333333,2.573581560283688,7,0.0,licit
12,15,14,0.06666666666666667,1.8666666666666667,4.704761904761905,11,0.0,licit
13,92,94,0.011227902532250358,2.0434782608695654,12.18131868131868,44,0.0,licit
13,178,189,0.005998857360502761,2.1235955056179776,5.532025645908716,15,0.014845705024440317,licit
13,82,85,0.012797350195724179,2.073170731707317,9.561878952122855,24,0.034959349593495934,licit
13,104,109,0.010175504107542942,2.0961538461538463,6.678678117998507,20,0.013782051282051282,licit
13,87,87,0.011627906976744186,2.0,9.691526329858327,26,0.0,licit
13,141,161,0.008156028368794326,2.2836879432624113,2.6022289766970617,11,0.18914801651059507,licit
13,120,130,0.009103641456582634,2.1666666666666665,2.930252100840336,11,0.12780118601747814,licit
13,102,102,0.009900990099009901,2.0,11.47272374296253,33,0.0,licit
13,120,125,0.008753501400560224,2.0833333333333335,6.583053221288515,21,0.0,licit
13,41,41,0.025,2.0,10.72439024390244,28,0.017886178861788615,licit
13,46,45,0.021739130434782608,1.9565217391304348,14.077294685990339,40,0.0,licit
14,56,55,0.017857142857142856,1.9642857142857142,3.9045454545454548,10,0.0,licit
14,61,60,0.01639344262295082,1.9672131147540983,13.402185792349727,41,0.0,licit
14,59,58,0.01694915254237288,1.9661016949152543,6.20572764465225,16,0.0,licit
14,71,71,0.014285714285714285,2.0,6.001609657947686,15,0.0,licit
14,48,48,0.02127659574468085,2.0,3.5797872340425534,9,0.0,licit
14,68,70,0.015364354697102721,2.0588235294117645,4.473222124670764,10,0.01976264189886481,licit
14,41,40,0.024390243902439025,1.951219512195122,7.236585365853658,21,0.0,licit
14,73,75,0.014269406392694063,2.0547945205479454,6.205098934550989,21,0.0,licit
14,29,28,0.034482758620689655,1.9310344827586208,2.960591133004926,8,0.0,licit
14,40,45,0.028846153846153848,2.25,4.001282051282051,12,0.050624999999999996,licit
14,73,72,0.0136986301369863,1.9726027397260273,6.19482496194825,19,0.0,licit
14,50,49,0.02,1.96,7.139591836734694,19,0.0,licit
14,31,30,0.03225806451612903,1.935483870967742,6.950537634408602,18,0.0,licit
14,30,29,0.03333333333333333,1.9333333333333333,10.333333333333334,29,0.0,licit
15,90,91,0.01136079900124844,2.022222222222222,6.663670411985018,17,0.0,licit
15,121,123,0.008471074380165288,2.0330578512396693,5.491873278236914,17,0.0,licit
15,120,126,0.008823529411764706,2.1,10.529271708683474,34,0.0,licit
15,152,189,0.0082345765074939,2.486842105263158,4.675148135238759,13,0.022022435474651544,licit
15,76,76,0.013333333333333334,2.0,6.054385964912281,15,0.0,licit
15,84,83,0.011904761904761904,1.9761904761904763,11.380091795754446,36,0.0,licit
15,34,33,0.029411764705882353,1.9411764705882353,5.957219251336898,16,0.0,licit
15,63,62,0.015873015873015872,1.9682539682539681,4.317460317460317,10,0.0,licit
15,110,110,0.009174311926605505,2.0,6.27022518765638,23,0.0,licit
15,101,102,0.0100990099009901,2.01980198019802,6.871485148514852,22,0.01485148514851485,licit
16,83,82,0.012048192771084338,1.9759036144578312,7.381722009991185,25,0.0,licit
16,137,143,0.007674967797337913,2.0875912408759123,3.9230356376127093,12,0.0017062743853491888,licit
16,123,125,0.008330001332800213,2.032520325203252,7.413301346128216,22,0.0,licit
16,27,26,0.037037037037037035,1.9259259259259258,8.1994301994302,22,0.0,licit
16,105,109,0.009981684981684981,2.0761904761904764,9.207875457875458,30,0.019206349206349206,licit
16,54,54,0.018867924528301886,2.0,6.661076170510133,15,0.0,licit
16,54,53,0.018518518518518517,1.962962962962963,7.187980433263452,17,0.0,licit
16,119,149,0.010611024070645207,2.504201680672269,4.9789203817120065,12,0.08636866511310405,licit
16,67,67,0.015151515151515152,2.0,4.511080958842153,10,0.0,licit
16,75,75,0.013513513513513514,2.0,9.490450450450451,27,0.0,licit
16,36,35,0.027777777777777776,1.9444444444444444,3.996825396825397,9,0.0,licit
16,55,56,0.018855218855218854,2.036363636363636,6.97979797979798,17,0.0,licit
17,53,53,0.019230769230769232,2.0,5.680696661828737,17,0.031446540880503145,licit
17,124,129,0.008457907159716758,2.0806451612903225,9.741148701809598,28,0.0,licit
17,120,127,0.008893557422969187,2.1166666666666667,6.108963585434173,16,0.01549145299145299,licit
17,108,113,0.00977847005884389,2.0925925925925926,7.136206299757702,22,0.009259259259259259,licit
17,50,49,0.02,1.96,5.0351020408163265,12,0.0,licit
17,153,159,0.006836945304437564,2.0784313725490198,4.836171310629515,13,0.0026981732864085803,licit
17,72,71,0.013888888888888888,1.9722222222222223,5.569640062597809,13,0.0,licit
17,84,85,0.01219162363740677,2.0238095238095237,4.632816982214573,11,0.02423469387755102,licit
17,110,110,0.009174311926605505,2.0,6.7591326105087575,21,0.0,licit
17,52,51,0.019230769230769232,1.9615384615384615,5.997737556561086,15,0.0,licit
17,70,69,0.014285714285714285,1.9714285714285715,6.389648033126294,16,0.0,licit
17,99,109,0.011234796949082663,2.202020202020202,6.536178107606679,17,0.020394420394420392,licit
17,96,101,0.011074561403508772,2.1041666666666665,5.476315789473684,15,0.014718614718614716,licit
17,91,92,0.011233211233211233,2.021978021978022,6.103785103785103,17,0.007631257631257631,licit
17,58,57,0.017241379310344827,1.9655172413793103,5.905021173623714,15,0.0,licit
17,69,68,0.014492753623188406,1.9710144927536233,9.176470588235293,26,0.0,licit
17,20,21,0.05526315789473684,2.1,5.342105263157895,14,0.07666666666666666,licit
17,93,99,0.011570827489481066,2.129032258064516,5.4188873305282845,16,0.05857107846355158,licit
17,47,47,0.021739130434782608,2.0,6.762257169287697,15,0.0,licit
17,45,44,0.022222222222222223,1.9555555555555555,4.333333333333333,13,0.0,licit
17,68,67,0.014705882352941176,1.9705882352941178,12.28972783143108,35,0.0,licit
17,59,59,0.017241379310344827,2.0,8.487434248977205,24,0.0,licit
17,34,34,0.030303030303030304,2.0,5.208556149732621,12,0.0,licit
18,34,33,0.029411764705882353,1.9411764705882353,3.3262032085561497,8,0.0,licit
18,66,65,0.015151515151515152,1.9696969696969697,5.867599067599068,17,0.0,licit
18,52,52,0.0196078431372549,2.0,3.4019607843137254,9,0.0,licit
18,61,65,0.017759562841530054,2.1311475409836067,5.004918032786885,12,0.0,licit
18,71,72,0.01448692152917505,2.028169014084507,7.785110663983904,23,0.0,licit
18,47,49,0.022664199814986123,2.0851063829787235,4.116558741905643,13,0.03611111111111111,licit
18,99,113,0.011647083075654504,2.282828282828283,6.366934652648938,17,0.03511303511303511,licit
18,81,80,0.012345679012345678,1.9753086419753085,4.526543209876543,12,0.0,licit
18,68,68,0.014925373134328358,2.0,4.015364354697103,12,0.0,licit
18,86,103,0.014090287277701778,2.395348837209302,4.826538987688099,15,0.03991744689419108,licit
18,58,57,0.017241379310344827,1.9655172413793103,4.531760435571688,12,0.0,licit
18,30,31,0.035632183908045977,2.066666666666667,4.733333333333333,10,0.0,licit
18,51,50,0.0196078431372549,1.9607843137254901,4.709019607843137,14,0.0,licit
18,71,72,0.01448692152917505,2.028169014084507,6.869617706237425,20,0.0,licit
19,107,108,0.009522130135778522,2.0186915887850465,10.797390230999824,24,0.014018691588785047,licit
19,51,51,0.02,2.0,11.334901960784313,32,0.0,licit
19,83,85,0.012488980311489862,2.0481927710843375,4.7637378783426385,12,0.012189107306418655,licit
19,122,139,0.00941606828343043,2.278688524590164,6.642189405229644,18,0.019418423106947698,licit
19,91,93,0.011355311355311355,2.043956043956044,5.628327228327229,15,0.0,licit
19,93,93,0.010869565217391304,2.0,6.819541841982235,24,0.0,licit
19,125,135,0.008709677419354838,2.16,7.511483870967742,22,0.017124786324786326,licit
19,194,223,0.005955878425297794,2.2989690721649483,5.482346028524117,18,0.0172171435058033,licit
19,166,210,0.007667031763417305,2.5301204819277108,5.031982475355969,11,0.05804429840574419,licit
19,55,55,0.018518518518518517,2.0,6.550841750841751,15,0.0,licit
19,121,124,0.008539944903581268,2.049586776859504,6.804683195592286,20,0.00969588937503376,licit
19,44,43,0.022727272727272728,1.9545454545454546,6.482029598308668,17,0.0,licit
19,104,115,0.01073562359970127,2.2115384615384617,6.297236743838686,15,0.006623931623931624,licit
19,32,31,0.03125,1.9375,5.844758064516129,15,0.0,licit
19,70,71,0.014699792960662527,2.0285714285714285,6.469151138716356,22,0.02862789384528515,licit
19,51,50,0.0196078431372549,1.9607843137254901,3.8776470588235292,10,0.0,licit
19,60,62,0.01751412429378531,2.066666666666667,6.182485875706215,14,0.03452380952380952,licit
19,72,75,0.014671361502347418,2.0833333333333335,5.641236306729264,15,0.03282828282828283,licit
19,57,57,0.017857142857142856,2.0,8.162907268170427,22,0.0,licit
19,39,38,0.02564102564102564,1.9487179487179487,8.893387314439947,25,0.0,licit
19,26,25,0.038461538461538464,1.9230769230769231,6.464615384615384,17,0.0,licit
20,290,422,0.005035198663643957,2.910344827586207,4.723636797518196,15,0.025349877809924874,licit
20,89,89,0.011363636363636364,2.0,6.859805924412666,16,0.0028260129383724892,licit
20,87,87,0.011627906976744186,2.0,9.345094894413258,27,0.0,licit
20,87,86,0.011494252873563218,1.9770114942528736,20.91686714782144,60,0.0,licit
20,130,136,0.008109719737626715,2.0923076923076924,5.926535480023852,17,0.0,licit
20,109,110,0.009344206591913014,2.018348623853211,5.367652055725451,13,0.0,licit
20,64,66,0.01636904761904762,2.0625,7.8353174603174605,25,0.03154761904761905,licit
20,72,75,0.014671361502347418,2.0833333333333335,7.799687010954616,16,0.0,licit
20,93,106,0.012388966806919121,2.2795698924731185,6.591397849462366,18,0.027752176139272916,licit
20,45,44,0.022222222222222223,1.9555555555555555,7.191919191919192,18,0.0,licit
20,132,133,0.007691417996761508,2.015151515151515,6.694078186444599,16,0.0,licit
20,32,31,0.03125,1.9375,5.411290322580645,11,0.0,licit
20,105,107,0.009798534798534798,2.038095238095238,4.025824175824176,11,0.02699159663865546,licit
20,93,93,0.010869565217391304,2.0,6.498597475455821,19,0.0023607405610801195,licit
20,50,49,0.02,1.96,4.728163265306122,14,0.0,licit
20,176,179,0.005811688311688312,2.034090909090909,3.622207792207792,13,0.022730648064806482,licit
20,49,48,0.02040816326530612,1.9591836734693877,7.2687074829931975,19,0.0,licit
20,42,41,0.023809523809523808,1.9523809523809523,7.609756097560975,19,0.0,licit
21,199,237,0.006014923100350236,2.3819095477386933,2.785391604487082,10,0.1809206287849504,licit
21,173,181,0.006082806828874849,2.092485549132948,4.563113321683022,19,0.05403080508436374,licit
21,256,306,0.0046875,2.390625,5.1586703431372545,14,0.01817707125023535,licit
21,173,226,0.00759510686920285,2.61271676300578,4.8718913832504365,12,0.006283568711314375,licit
21,70,74,0.015320910973084885,2.1142857142857143,7.453416149068323,19,0.0,licit
21,171,198,0.006811145510835914,2.3157894736842106,5.434812521499828,17,0.023864920768945534,licit
21,35,38,0.031932773109243695,2.1714285714285713,5.705882352941177,13,0.0,licit
21,36,35,0.027777777777777776,1.9444444444444444,5.333333333333333,15,0.0,licit
21,81,81,0.0125,2.0,8.99104938271605,27,0.026748971193415638,licit
21,52,55,0.020739064856711915,2.1153846153846154,4.19079939668175,10,0.06477815485168427,licit
21,62,62,0.01639344262295082,2.0,6.289793759915389,17,0.03494623655913979,licit
21,100,107,0.010808080808080808,2.14,3.0850505050505053,9,0.10669551282051284,licit
21,48,48,0.02127659574468085,2.0,7.108156028368795,21,0.004861111111111111,licit
21,58,59,0.017846339987900785,2.0344827586206895,7.163339382940109,19,0.0,licit
21,41,41,0.025,2.0,4.724390243902439,13,0.0,licit
22,641,856,0.0020865834633385337,2.670826833073323,3.2672338143525743,12,0.12172650490790113,licit
22,110,111,0.009257714762301918,2.018181818181818,12.336780650542119,29,0.0,licit
22,159,161,0.006408725419950641,2.0251572327044025,10.364779874213836,23,0.0,licit
22,120,122,0.008543417366946778,2.033333333333333,3.7414565826330533,14,0.038899863427958245,licit
22,139,143,0.007454905640704827,2.0575539568345325,9.942550307580023,33,0.00513874614594039,licit
22,142,142,0.0070921985815602835,2.0,9.183997602637099,30,0.00040389395194697595,licit
22,42,41,0.023809523809523808,1.9523809523809523,6.493612078977932,14,0.0,licit
22,202,228,0.005615486921826511,2.257425742574257,3.811437860203931,13,0.15186750218768014,licit
22,110,110,0.009174311926605505,2.0,8.210842368640535,18,0.0,licit
22,209,217,0.004991718807508282,2.076555023923445,10.2355999263894,27,0.0,licit
22,76,75,0.013157894736842105,1.9736842105263157,12.007719298245615,29,0.0,licit
22,135,151,0.008347153123272527,2.237037037037037,3.589165284687673,10,0.08410766035144143,licit
22,121,160,0.011019283746556474,2.644628099173554,8.375895316804408,31,0.05718977991705264,licit
22,145,153,0.007327586206896552,2.110344827586207,7.74683908045977,22,0.011494252873563218,licit
22,112,113,0.00908944658944659,2.017857142857143,6.664414414414415,20,0.0,licit
22,329,432,0.004003261917117651,2.6261398176291793,5.225850693157388,18,0.020190190602454052,licit
22,172,230,0.007819937440500475,2.6744186046511627,5.909628722970216,15,0.016051905800537808,licit
22,175,177,0.005812807881773399,2.0228571428571427,5.0030870279146145,19,0.020001854685398987,licit
22,127,132,0.008248968878890138,2.078740157480315,3.751281089863767,13,0.02232806563515225,licit
22,165,177,0.006541019955654102,2.1454545454545455,4.80679970436068,15,0.05659024059282827,licit
22,127,129,0.008061492313460818,2.031496062992126,6.551806024246969,21,0.015891195418754472,licit
22,27,26,0.037037037037037035,1.9259259259259258,6.330484330484331,16,0.0,licit
22,53,53,0.019230769230769232,2.0,5.030478955007257,13,0.0,licit
22,74,76,0.014068863383931877,2.054054054054054,8.798222880414661,23,0.013513513513513514,licit
22,74,88,0.01629026286560533,2.3783783783783785,7.097001110699741,21,0.006499356499356498,licit
22,55,54,0.01818181818181818,1.9636363636363636,8.909090909090908,21,0.0,licit
22,68,69,0.01514486391571554,2.0294117647058822,5.556628621597893,14,0.02949776401788786,licit
22,51,66,0.02588235294117647,2.588235294117647,4.237647058823529,10,0.1177715530656707,licit
22,17,16,0.058823529411764705,1.8823529411764706,4.352941176470588,11,0.0,licit
23,91,90,0.01098901098901099,1.978021978021978,9.612698412698412,25,0.0,licit
23,69,70,0.014919011082693947,2.028985507246377,7.82225063938619,22,0.02077294685990338,licit
23,80,80,0.012658227848101266,2.0,6.212025316455696,17,0.0,licit
23,172,188,0.006391948864409085,2.186046511627907,5.982796137630899,16,0.0142580838374272,licit
23,254,292,0.004543898415860073,2.2992125984251968,4.154368055771685,13,0.1024086717710839,licit
23,103,108,0.010279840091376356,2.0970873786407767,6.6954121454407005,17,0.0,licit
23,60,59,0.016666666666666666,1.9666666666666666,6.1440677966101696,15,0.0,licit
23,180,186,0.005772811918063315,2.066666666666667,3.8325884543761637,12,0.0,licit
23,124,129,0.008457907159716758,2.0806451612903225,6.8259900340938895,19,0.014631336405529953,licit
23,101,102,0.0100990099009901,2.01980198019802,6.8231683168316835,21,0.0,licit
23,74,76,0.014068863383931877,2.054054054054054,8.79340984820437,24,0.0,licit
23,73,82,0.015601217656012176,2.2465753424657535,7.313165905631659,15,0.0,licit
23,71,70,0.014084507042253521,1.971830985915493,7.3480885311871225,22,0.0,licit
23,123,135,0.00899640143942423,2.1951219512195124,6.497267759562842,16,0.006322403883379493,licit
23,296,357,0.0040884104443426475,2.4121621621621623,6.286784241868988,18,0.03634895016473963,licit
23,93,94,0.010986442262739598,2.021505376344086,4.471715755025713,13,0.021544335359202117,licit
23,67,66,0.014925373134328358,1.9701492537313432,9.402080506558118,25,0.0,licit
23,94,111,0.01269732326698696,2.3617021276595747,5.888583848089682,13,0.014377820760799482,licit
23,84,85,0.01219162363740677,2.0238095238095237,6.771371199082043,20,0.0,licit
23,81,80,0.012345679012345678,1.9753086419753085,5.020370370370371,15,0.0,licit
23,110,113,0.009424520433694746,2.0545454545454547,10.981818181818182,27,0.0,licit
23,76,75,0.013157894736842105,1.9736842105263157,5.84,12,0.0,licit
23,62,61,0.016129032258064516,1.967741935483871,9.984664198836594,24,0.0,licit
23,91,91,0.011111111111111112,2.0,10.314285714285715,32,0.014772773014531256,licit
23,26,25,0.038461538461538464,1.9230769230769231,6.144615384615385,14,0.0,licit
24,93,92,0.010752688172043012,1.978494623655914,12.56568489948574,37,0.0,licit
24,102,147,0.014269073966220151,2.8823529411764706,4.9487478159580665,12,0.059200603318250375,licit
24,171,184,0.006329549363605091,2.152046783625731,5.3562435500516,17,0.058607757794749665,licit
24,273,319,0.004295949148890326,2.336996336996337,7.337831286360698,23,0.0024532732225039915,licit
24,53,60,0.02177068214804064,2.2641509433962264,4.119013062409289,10,0.012488769092542677,licit
24,70,71,0.014699792960662527,2.0285714285714285,6.550724637681159,16,0.0,licit
24,94,93,0.010638297872340425,1.9787234042553192,29.465797300388928,79,0.0,licit
24,72,71,0.013888888888888888,1.9722222222222223,12.250782472613459,34,0.0,licit
24,110,114,0.00950792326939116,2.0727272727272728,7.403336113427857,20,0.010839160839160837,licit
24,105,114,0.010439560439560439,2.1714285714285713,5.362271062271062,14,0.009522646665503806,licit
24,85,84,0.011764705882352941,1.9764705882352942,11.217927170868347,35,0.0,licit
24,89,89,0.011363636363636364,2.0,7.073799795709908,18,0.0,licit
24,78,79,0.013153513153513154,2.0256410256410255,11.011322011322012,31,0.0,licit
24,105,106,0.009706959706959707,2.019047619047619,13.241758241758241,32,0.0,licit
24,82,83,0.012496236073471846,2.024390243902439,11.114122252333635,27,0.0,licit
24,138,149,0.007881095948376177,2.1594202898550723,8.03025494551994,23,0.019594495681452204,licit
24,116,118,0.008845577211394303,2.0344827586206895,9.212143928035982,26,0.0,licit
24,96,103,0.011293859649122807,2.1458333333333335,7.083552631578947,19,0.0328125,licit
24,156,163,0.00674110835401158,2.08974358974359,6.990653432588917,23,0.018803418803418806,licit
24,106,107,0.009613656783468105,2.018867924528302,13.560287511230907,31,0.0,licit
24,93,93,0.010869565217391304,2.0,12.330995792426368,33,0.005615292712066906,licit
24,112,113,0.00908944658944659,2.017857142857143,10.13626126126126,30,0.0,licit
24,128,131,0.008058562992125984,2.046875,5.547736220472441,15,0.0019671670751633986,licit
24,37,37,0.027777777777777776,2.0,6.762762762762763,17,0.0,licit
24,78,78,0.012987012987012988,2.0,8.516816516816517,24,0.02578191039729501,licit
24,51,50,0.0196078431372549,1.9607843137254901,6.487843137254902,17,0.0,licit
24,68,71,0.015583845478489903,2.088235294117647,6.2949956101843725,15,0.020133053221288517,licit
24,99,101,0.010410224695938981,2.04040404040404,6.556998556998557,24,0.02024574751847479,licit
24,20,19,0.05,1.9,6.621052631578947,18,0.0,licit
24,58,58,0.017543859649122806,2.0,9.217785843920145,21,0.0,licit
24,32,31,0.03125,1.9375,5.618951612903226,12,0.0,licit
24,69,70,0.014919011082693947,2.028985507246377,7.439471440750213,19,0.029174955006157053,licit
25,138,144,0.007616629641383688,2.0869565217391304,3.6722733523749076,13,0.010796883840362101,licit
25,182,289,0.008772994960840264,3.1758241758241756,3.737235140550058,9,0.021627502651082653,licit
25,189,214,0.006022740065293256,2.2645502645502646,2.384048181920522,7,0.18343260811480866,licit
25,64,63,0.015625,1.96875,4.083333333333333,12,0.0,licit
25,138,150,0.007933989209774674,2.1739130434782608,3.216016079551465,9,0.07683142013124766,licit
25,83,83,0.012195121951219513,2.0,5.307081986482515,16,0.0,licit
25,138,150,0.007933989209774674,2.1739130434782608,2.978313762826616,10,0.11595825827287923,licit
25,53,56,0.020319303338171262,2.1132075471698113,7.6400580551523944,23,0.05134362492853058,licit
25,24,23,0.041666666666666664,1.9166666666666667,2.1449275362318843,4,0.0,licit
25,18,17,0.05555555555555555,1.8888888888888888,5.973856209150327,16,0.0,licit
25,33,32,0.030303030303030304,1.9393939393939394,8.18939393939394,23,0.0,licit
26,107,110,0.00969846587903368,2.05607476635514,3.419679068947276,12,0.029437428410923127,licit
26,92,94,0.011227902532250358,2.0434782608695654,5.152412804586717,13,0.0,licit
26,72,71,0.013888888888888888,1.9722222222222223,9.714788732394366,27,0.0,licit
26,55,54,0.01818181818181818,1.9636363636363636,4.597979797979798,10,0.0,licit
26,41,40,0.024390243902439025,1.951219512195122,6.980487804878049,17,0.0,licit
26,103,112,0.01066057490957548,2.174757281553398,5.03502760327432,17,0.011989546084349054,licit
26,30,29,0.03333333333333333,1.9333333333333333,2.731034482758621,6,0.0,licit
26,64,64,0.015873015873015872,2.0,5.971230158730159,14,0.031684027777777776,licit
26,92,104,0.012422360248447204,2.260869565217391,5.293597706641185,16,0.033649774138904576,licit
26,86,92,0.012585499316005472,2.13953488372093,3.021887824897401,9,0.12408788780004226,licit
26,47,46,0.02127659574468085,1.9574468085106382,4.384828862164662,13,0.0,licit
26,12,11,0.08333333333333333,1.8333333333333333,4.015151515151516,10,0.0,licit
26,46,45,0.021739130434782608,1.9565217391304348,7.076328502415459,21,0.0,licit
27,62,68,0.017979904812268643,2.193548387096774,5.518773135906928,18,0.02655973059198866,licit
27,89,88,0.011235955056179775,1.9775280898876404,2.1307456588355467,5,0.0,licit
27,30,29,0.03333333333333333,1.9333333333333333,4.059770114942529,10,0.0,licit
28,74,75,0.013883746760459089,2.027027027027027,5.440207330618289,14,0.0,licit
28,34,33,0.029411764705882353,1.9411764705882353,6.03921568627451,18,0.0,licit
28,53,55,0.01995645863570392,2.0754716981132075,4.984760522496371,13,0.0,licit
28,91,98,0.011965811965811967,2.1538461538461537,4.884004884004884,14,0.0,licit
28,62,61,0.016129032258064516,1.967741935483871,6.120042305658382,15,0.0,licit
29,99,101,0.010410224695938981,2.04040404040404,7.061018346732633,21,0.0,licit
29,113,115,0.009086599241466499,2.0353982300884956,7.122787610619469,29,0.01189665791435703,licit
29,96,97,0.010635964912280702,2.0208333333333335,9.356359649122806,33,0.0,licit
29,124,127,0.008326776816155259,2.0483870967741935,9.916732231838447,32,0.0,licit
29,53,52,0.018867924528301886,1.9622641509433962,8.550072568940493,24,0.0,licit
29,76,75,0.013157894736842105,1.9736842105263157,6.4070175438596495,18,0.0,licit
29,84,83,0.011904761904761904,1.9761904761904763,17.097532989099253,50,0.0,licit
29,292,337,0.003966012333474557,2.308219178082192,3.8398531280892527,10,0.05606764191628721,licit
29,91,91,0.011111111111111112,2.0,6.338461538461538,24,0.0,licit
29,111,118,0.009664209664209665,2.126126126126126,6.56986076986077,17,0.015490490490490488,licit
29,89,93,0.011874361593462716,2.0898876404494384,9.930541368743617,31,0.008239700374531835,licit
29,106,105,0.009433962264150943,1.9811320754716981,16.76262353998203,54,0.0,licit
29,97,96,0.010309278350515464,1.9793814432989691,7.762027491408935,26,0.0,licit
29,106,110,0.009883198562443846,2.0754716981132075,4.38292902066487,11,0.012915543575920934,licit
29,117,116,0.008547008547008548,1.982905982905983,7.112290008841733,26,0.0,licit
29,90,89,0.011111111111111112,1.9777777777777779,12.24494382022472,36,0.0,licit
29,147,150,0.00698909700866648,2.0408163265306123,6.35392787251887,19,0.0,licit
29,56,56,0.01818181818181818,2.0,4.259740259740259,10,0.035778985507246376,licit
29,73,73,0.013888888888888888,2.0,15.73972602739726,45,0.0,licit
29,56,55,0.017857142857142856,1.9642857142857142,8.7,26,0.0,licit
29,60,60,0.01694915254237288,2.0,7.930508474576271,24,0.0,licit
29,86,87,0.011901504787961696,2.0232558139534884,11.175649794801641,29,0.01937984496124031,licit
29,57,56,0.017543859649122806,1.9649122807017543,15.892230576441102,45,0.0,licit
29,34,33,0.029411764705882353,1.9411764705882353,4.340463458110517,10,0.0,licit
29,16,15,0.0625,1.875,5.291666666666667,14,0.0,licit
30,73,73,0.013888888888888888,2.0,7.569634703196347,18,0.0,licit
30,67,66,0.014925373134328358,1.9701492537313432,9.264586160108548,27,0.0,licit
30,70,71,0.014699792960662527,2.0285714285714285,6.261283643892339,14,0.0,licit
30,67,68,0.015377657168701944,2.029850746268657,5.952510176390773,17,0.030845771144278604,licit
30,54,53,0.018518518518518517,1.962962962962963,7.1928721174004195,21,0.0,licit
30,109,109,0.009259259259259259,2.0,5.605844376486578,21,0.012245466132477238,licit
30,66,66,0.015384615384615385,2.0,3.888111888111888,10,0.030340349305866546,licit
30,70,71,0.014699792960662527,2.0285714285714285,10.767701863354038,30,0.0,licit
30,38,37,0.02631578947368421,1.9473684210526316,10.445234708392602,28,0.0,licit
30,57,56,0.017543859649122806,1.9649122807017543,9.389724310776943,28,0.0,licit
30,50,49,0.02,1.96,5.324897959183674,17,0.0,licit
30,64,65,0.016121031746031748,2.03125,3.7217261904761907,10,0.03128848522167488,licit
30,58,61,0.018451300665456746,2.103448275862069,3.8324258923169996,9,0.09220389805097452,licit
30,53,52,0.018867924528301886,1.9622641509433962,5.770682148040638,16,0.0,licit
30,61,60,0.01639344262295082,1.9672131147540983,17.242622950819673,51,0.0,licit
30,19,18,0.05263157894736842,1.894736842105263,2.56140350877193,6,0.0,licit
30,16,15,0.0625,1.875,5.391666666666667,14,0.0,licit
31,85,85,0.011904761904761904,2.0,6.891316526610645,25,0.0,licit
31,44,44,0.023255813953488372,2.0,4.6543340380549685,11,0.009018759018759018,licit
31,72,78,0.015258215962441314,2.1666666666666665,6.51056338028169,18,0.08387345679012345,licit
31,70,69,0.014285714285714285,1.9714285714285715,5.624430641821946,17,0.0,licit
31,67,66,0.014925373134328358,1.9701492537313432,5.2057892356399815,11,0.0,licit
31,118,133,0.009633492684340142,2.2542372881355934,5.360857598145734,14,0.0,licit
31,56,56,0.01818181818181818,2.0,7.222077922077922,21,0.0,licit
31,61,60,0.01639344262295082,1.9672131147540983,8.713661202185792,25,0.0,licit
31,104,117,0.010922330097087379,2.25,2.2936893203883497,8,0.19874941561477324,licit
31,53,52,0.018867924528301886,1.9622641509433962,5.7750362844702465,15,0.0,licit
31,77,77,0.013157894736842105,2.0,5.358168147641832,20,0.0,licit
31,76,75,0.013157894736842105,1.9736842105263157,5.251929824561404,14,0.0,licit
31,54,54,0.018867924528301886,2.0,5.427672955974843,15,0.004835390946502058,licit
31,42,41,0.023809523809523808,1.9523809523809523,4.155632984901278,9,0.0,licit
31,50,49,0.02,1.96,7.459591836734694,21,0.0,licit
31,52,53,0.01998491704374057,2.0384615384615383,6.493212669683258,19,0.03205128205128205,licit
31,34,34,0.030303030303030304,2.0,3.197860962566845,8,0.0,licit
32,92,96,0.011466794075489728,2.0869565217391304,7.088389870998567,19,0.0,licit
32,158,169,0.006812867854551318,2.1392405063291138,6.505764734338467,22,0.0,licit
32,173,180,0.006049200161312004,2.0809248554913293,7.728861406102971,23,0.0,licit
32,75,74,0.013333333333333334,1.9733333333333334,6.242162162162162,18,0.0,licit
32,65,64,0.015384615384615385,1.9692307692307693,4.420192307692307,12,0.0,licit
32,110,110,0.009174311926605505,2.0,15.103586321934946,49,0.0,licit
32,176,190,0.006168831168831169,2.159090909090909,6.381233766233766,22,0.0,licit
32,202,212,0.005221417664154475,2.099009900990099,3.3021033446628243,10,0.0429086215708185,licit
32,86,86,0.011764705882352941,2.0,14.113816689466484,48,0.0,licit
32,47,46,0.02127659574468085,1.9574468085106382,6.138760407030527,14,0.0,licit
32,207,228,0.005346841142535528,2.2028985507246377,5.959945593546269,18,0.011672324076416149,licit
32,187,218,0.006267609683169455,2.3315508021390374,5.8030590535334365,16,0.013092150815935984,licit
32,62,62,0.01639344262295082,2.0,6.918561607615018,20,0.0,licit
32,101,100,0.009900990099009901,1.9801980198019802,4.8776237623762375,16,0.0,licit
32,93,95,0.011103319308087892,2.043010752688172,6.466339410939692,17,0.05029608851488234,licit
32,56,55,0.017857142857142856,1.9642857142857142,6.988311688311688,18,0.0,licit
32,79,78,0.012658227848101266,1.9746835443037976,6.189548847776696,17,0.0,licit
32,95,94,0.010526315789473684,1.9789473684210526,9.088465845464725,19,0.0,licit
32,48,47,0.020833333333333332,1.9583333333333333,4.641843971631205,8,0.0,licit
32,94,93,0.010638297872340425,1.9787234042553192,15.351178220086936,43,0.0,licit
32,50,49,0.02,1.96,10.640816326530611,30,0.0,licit
32,102,129,0.012521840419336051,2.5294117647058822,5.015919238982722,11,0.0,licit
32,79,78,0.012658227848101266,1.9746835443037976,8.490100616682895,19,0.0,licit
32,28,27,0.03571428571428571,1.9285714285714286,7.677248677248677,20,0.0,licit
32,60,59,0.016666666666666666,1.9666666666666666,5.034463276836158,12,0.0,licit
32,29,28,0.034482758620689655,1.9310344827586208,6.088669950738916,15,0.0,licit
33,41,41,0.025,2.0,2.8121951219512193,7,0.0,licit
33,62,64,0.016922263352723427,2.064516129032258,5.016922263352724,15,0.021918941273779982,licit
33,140,145,0.007451181911613566,2.0714285714285716,6.787255909558068,22,0.014353741496598639,licit
33,72,72,0.014084507042253521,2.0,4.028169014084507,9,0.0,licit
33,79,78,0.012658227848101266,1.9746835443037976,5.077572216812723,15,0.0,licit
33,126,127,0.008063492063492064,2.015873015873016,5.432126984126984,15,0.0,licit
33,112,118,0.009491634491634492,2.107142857142857,3.702059202059202,10,0.030208851833416293,licit
33,157,162,0.006614404703576678,2.0636942675159236,5.910419728891067,17,0.0,licit
33,81,81,0.0125,2.0,6.635802469135802,17,0.0,licit
33,26,25,0.038461538461538464,1.9230769230769231,2.689230769230769,5,0.0,licit
33,176,215,0.00698051948051948,2.4431818181818183,2.297857142857143,8,0.36365469208211143,licit
33,72,71,0.013888888888888888,1.9722222222222223,4.177230046948357,10,0.0,licit
33,31,30,0.03225806451612903,1.935483870967742,2.1763440860215053,4,0.0,licit
33,51,50,0.0196078431372549,1.9607843137254901,3.937254901960784,9,0.0,licit
33,42,41,0.023809523809523808,1.9523809523809523,2.678281068524971,7,0.0,licit
34,127,141,0.008811398575178103,2.220472440944882,4.443569553805775,11,0.11555921581230917,licit
34,115,120,0.009153318077803204,2.0869565217391304,4.916552250190694,11,0.0,licit
34,128,127,0.0078125,1.984375,2.8462106299212597,9,0.0,licit
34,55,55,0.018518518518518517,2.0,5.653872053872054,16,0.0,licit
34,51,54,0.021176470588235293,2.1176470588235294,4.138039215686274,10,0.01618903971845148,licit
34,90,99,0.012359550561797753,2.2,3.513358302122347,12,0.059294495341006975,licit
34,82,83,0.012496236073471846,2.024390243902439,5.585064739536285,16,0.0,licit
34,98,98,0.010309278350515464,2.0,4.33452556280244,14,0.0068180425323282464,licit
34,56,58,0.01883116883116883,2.0714285714285716,4.76948051948052,12,0.0,licit
34,95,103,0.011534154535274356,2.168421052631579,4.027323628219485,12,0.0,licit
34,90,90,0.011235955056179775,2.0,5.504619225967541,21,0.007441595441595441,licit
34,15,14,0.06666666666666667,1.8666666666666667,4.380952380952381,10,0.0,licit
34,52,51,0.019230769230769232,1.9615384615384615,12.17496229260935,32,0.0,licit
34,81,80,0.012345679012345678,1.9753086419753085,5.6648148148148145,19,0.0,licit
35,554,726,0.00236974559508033,2.6209386281588447,4.82765486581234,12,0.021467756856902845,licit
35,46,45,0.021739130434782608,1.9565217391304348,13.439613526570048,36,0.0,licit
35,80,84,0.013291139240506329,2.1,13.471518987341772,35,0.052500000000000005,licit
35,89,88,0.011235955056179775,1.9775280898876404,15.209397344228805,45,0.0,licit
35,80,82,0.012974683544303797,2.05,10.649050632911392,27,0.0,licit
35,115,115,0.008771929824561403,2.0,7.772692601067887,23,0.0,licit
35,135,138,0.0076285240464344945,2.0444444444444443,5.802100608070758,16,0.0,licit
35,284,324,0.0040312546658040115,2.2816901408450705,5.74279599860648,20,0.013798006673353383,licit
35,155,159,0.006661080854629242,2.0516129032258066,7.181985756179304,24,0.025866004962779163,licit
35,77,76,0.012987012987012988,1.974025974025974,7.831852358168148,22,0.0,licit
35,61,60,0.01639344262295082,1.9672131147540983,4.766530612244898,11,0.0,licit
35,85,86,0.012044817927170869,2.023529411764706,9.991316526610644,25,0.0,licit
35,56,55,0.017857142857142856,1.9642857142857142,5.7623376623376625,13,0.0,licit
35,161,165,0.00640527950310559,2.049689440993789,5.186878881987577,18,0.011106604132336164,licit
35,102,106,0.0102892642205397,2.0784313725490198,8.557561638516793,23,0.0,licit
35,68,68,0.014925373134328358,2.0,6.476733977172959,18,0.0,licit
35,63,63,0.016129032258064516,2.0,5.138760880696364,12,0.0034151034151034152,licit
35,67,66,0.014925373134328358,1.9701492537313432,12.923563998190863,34,0.0,licit
35,66,67,0.015617715617715617,2.0303030303030303,4.332400932400932,10,0.009901015164173058,licit
35,38,37,0.02631578947368421,1.9473684210526316,12.561877667140825,36,0.0,licit
35,147,150,0.00698909700866648,2.0408163265306123,7.268940452893486,23,0.0,licit
35,118,123,0.008909169926119079,2.0847457627118646,6.519774011299435,19,0.008658368329355367,licit
35,70,69,0.014285714285714285,1.9714285714285715,21.792546583850932,63,0.0,licit
35,32,31,0.03125,1.9375,5.399193548387097,14,0.0,licit
35,24,23,0.041666666666666664,1.9166666666666667,8.333333333333334,23,0.0,licit
36,633,958,0.002394664746935429,3.0268562401263823,4.845921570980063,15,0.010685969788451164,licit
36,299,353,0.003961751700298534,2.3612040133779266,6.821036564835806,24,0.030147269923506134,licit
36,414,493,0.0028833444456141583,2.3816425120772946,5.63187937911593,14,0.002182784965078029,licit
36,578,664,0.0019909686782246796,2.2975778546712804,5.344755416694152,15,0.0,licit
36,116,115,0.008620689655172414,1.9827586206896552,4.381109445277361,15,0.0,licit
36,225,260,0.005158730158730159,2.311111111111111,6.898373015873016,19,0.009003620161514899,licit
36,55,54,0.01818181818181818,1.9636363636363636,18.666666666666668,54,0.0,licit
36,115,117,0.008924485125858124,2.034782608695652,6.337757437070938,15,0.0,licit
36,273,322,0.004336349924585219,2.358974358974359,5.247145011850894,14,0.060508924155914225,licit
36,93,94,0.010986442262739598,2.021505376344086,7.609864422627396,19,0.0,licit
36,65,65,0.015625,2.0,9.339423076923078,27,0.0,licit
36,154,176,0.007469654528478058,2.2857142857142856,6.948221712927595,21,0.004390847247990106,licit
36,100,100,0.010101010101010102,2.0,8.755757575757576,22,0.0,licit
36,70,70,0.014492753623188406,2.0,6.589233954451346,20,0.01944444444444444,licit
36,81,81,0.0125,2.0,7.496913580246914,18,0.0,licit
36,93,106,0.012388966806919121,2.2795698924731185,6.045114539504441,14,0.01720430107526882,licit
36,185,225,0.006609870740305523,2.4324324324324325,5.2285546415981194,18,0.021637971910204213,licit
36,73,72,0.0136986301369863,1.9726027397260273,23.137747336377473,67,0.0,licit
36,236,254,0.004579877389109268,2.152542372881356,5.702993148214929,18,0.013122015006877662,licit
36,82,83,0.012496236073471846,2.024390243902439,9.808491418247517,31,0.0,licit
36,29,28,0.034482758620689655,1.9310344827586208,3.226600985221675,8,0.0,licit
36,71,70,0.014084507042253521,1.971830985915493,8.083702213279677,19,0.0,licit
36,51,50,0.0196078431372549,1.9607843137254901,6.958431372549019,16,0.0,licit
36,104,103,0.009615384615384616,1.9807692307692308,9.064040328603435,30,0.0,licit
36,68,67,0.014705882352941176,1.9705882352941178,10.461369622475855,29,0.0,licit
36,38,37,0.02631578947368421,1.9473684210526316,12.65433854907539,36,0.0,licit
36,31,30,0.03225806451612903,1.935483870967742,7.002150537634408,19,0.0,licit
36,19,18,0.05263157894736842,1.894736842105263,2.0701754385964914,3,0.0,licit
36,17,16,0.058823529411764705,1.8823529411764706,2.661764705882353,4,0.0,licit
37,102,104,0.010095127159774802,2.0392156862745097,4.251019219569016,14,0.022897531105465444,licit
37,80,84,0.013291139240506329,2.1,3.738607594936709,11,0.06671239837398374,licit
37,395,514,0.0033027051339715994,2.6025316455696204,3.25451391119964,12,0.10845415133783465,licit
37,110,111,0.009257714762301918,2.018181818181818,4.56163469557965,16,0.018188948306595367,licit
37,181,212,0.006507059545733579,2.342541436464088,4.031921424186618,12,0.047900545667896,licit
37,195,207,0.005471847739888977,2.123076923076923,4.638276500132171,21,0.014537509058057002,licit
37,92,92,0.01098901098901099,2.0,6.56043956043956,25,0.0,licit
37,155,161,0.006744868035190616,2.07741935483871,6.522245496439044,24,0.012928039702233251,licit
37,79,80,0.012982797792924375,2.0253164556962027,8.727036676403765,33,0.0,licit
37,41,40,0.024390243902439025,1.951219512195122,12.758536585365853,37,0.0,licit
37,49,48,0.02040816326530612,1.9591836734693877,3.1530612244897958,7,0.0,licit
37,45,44,0.022222222222222223,1.9555555555555555,12.494949494949495,35,0.0,licit
37,25,24,0.04,1.92,8.266666666666667,23,0.0,licit
37,74,77,0.014253980007404665,2.081081081081081,3.8433913365420214,11,0.027047317587858128,licit
37,13,12,0.07692307692307693,1.8461538461538463,4.666666666666667,12,0.0,licit
37,29,29,0.03571428571428571,2.0,7.231527093596059,20,0.0,licit
38,133,135,0.007689678742310321,2.030075187969925,3.3784461152882206,10,0.005015169502704128,licit
38,133,136,0.007746639325586694,2.045112781954887,4.28879015721121,13,0.015041443855414265,licit
38,149,149,0.006756756756756757,2.0,2.953473607836024,10,0.0,licit
38,123,134,0.00892976142876183,2.178861788617886,5.26802612288418,19,0.005432959091495677,licit
38,49,48,0.02040816326530612,1.9591836734693877,15.267006802721088,42,0.0,licit
38,32,31,0.03125,1.9375,9.721774193548388,27,0.0,licit
38,116,121,0.009070464767616191,2.086206896551724,4.3691154422788605,11,0.020240798718287913,licit
38,80,83,0.013132911392405064,2.075,5.955696202531645,18,0.0037866300366300363,licit
38,98,100,0.010519671786240269,2.0408163265306123,3.920050494424574,12,0.020433051269288204,licit
38,71,72,0.01448692152917505,2.028169014084507,4.98672032193159,13,0.009012243395010586,licit
38,88,94,0.012277951933124347,2.1363636363636362,4.164838035527691,12,0.053106697224344274,licit
38,18,17,0.05555555555555555,1.8888888888888888,3.65359477124183,7,0.0,licit
38,55,54,0.01818181818181818,1.9636363636363636,4.7555555555555555,11,0.0,licit
38,66,66,0.015384615384615385,2.0,14.202331002331002,41,0.0,licit
38,19,18,0.05263157894736842,1.894736842105263,4.362573099415204,10,0.0,licit
38,56,55,0.017857142857142856,1.9642857142857142,3.5272727272727273,9,0.0,licit
38,38,37,0.02631578947368421,1.9473684210526316,3.008534850640114,7,0.0,licit
38,39,38,0.02564102564102564,1.9487179487179487,7.55195681511471,21,0.0,licit
38,43,42,0.023255813953488372,1.9534883720930232,7.729789590254707,20,0.0,licit
38,25,24,0.04,1.92,3.8266666666666667,9,0.0,licit
38,28,27,0.03571428571428571,1.9285714285714286,9.666666666666666,27,0.0,licit
39,100,101,0.010202020202020202,2.02,6.782222222222222,18,0.0,licit
39,20,19,0.05,1.9,6.7631578947368425,18,0.0,licit
39,219,222,0.004649993716224708,2.0273972602739727,3.4916844706966614,10,0.0,licit
39,164,168,0.006284602723327847,2.048780487804878,3.4307945533443065,9,0.0081317495801497,licit
39,100,108,0.01090909090909091,2.16,4.872525252525253,13,0.046761363636363636,licit
39,94,100,0.011439029970258523,2.127659574468085,4.247311827956989,12,0.00427319864115859,licit
39,69,69,0.014705882352941176,2.0,6.477408354646206,16,0.021739130434782608,licit
39,68,69,0.01514486391571554,2.0294117647058822,3.820017559262511,10,0.0,licit
39,106,105,0.009433962264150943,1.9811320754716981,10.65947888589398,29,0.0,licit
39,65,65,0.015625,2.0,9.412980769230769,25,0.020792540792540788,licit
39,32,31,0.03125,1.9375,9.477822580645162,26,0.0,licit
39,74,73,0.013513513513513514,1.972972972972973,2.182524990744169,5,0.0,licit
39,222,228,0.004647181117769353,2.054054054054054,3.4299457828869593,11,0.016563039873850684,licit
39,26,25,0.038461538461538464,1.9230769230769231,8.569230769230769,24,0.0,licit
39,31,30,0.03225806451612903,1.935483870967742,9.281720430107526,25,0.0,licit
39,60,59,0.016666666666666666,1.9666666666666666,9.274011299435028,26,0.0,licit
39,33,32,0.030303030303030304,1.9393939393939394,9.556818181818182,26,0.0,licit
39,29,28,0.034482758620689655,1.9310344827586208,9.822660098522167,27,0.0,licit
39,24,23,0.041666666666666664,1.9166666666666667,8.333333333333334,23,0.0,licit
39,29,28,0.034482758620689655,1.9310344827586208,9.763546798029557,26,0.0,licit
39,38,37,0.02631578947368421,1.9473684210526316,8.715504978662873,25,0.0,licit
39,51,51,0.02,2.0,4.4980392156862745,11,0.0,licit
39,34,33,0.029411764705882353,1.9411764705882353,8.96078431372549,25,0.0,licit
39,73,72,0.0136986301369863,1.9726027397260273,5.2214611872146115,13,0.0,licit
39,26,25,0.038461538461538464,1.9230769230769231,8.806153846153846,24,0.0,licit
39,26,25,0.038461538461538464,1.9230769230769231,8.556923076923077,24,0.0,licit
39,28,27,0.03571428571428571,1.9285714285714286,9.314814814814815,26,0.0,licit
39,29,28,0.034482758620689655,1.9310344827586208,9.58128078817734,27,0.0,licit
39,18,17,0.05555555555555555,1.8888888888888888,5.189542483660131,12,0.0,licit
39,25,24,0.04,1.92,8.666666666666666,24,0.0,licit
40,106,106,0.009523809523809525,2.0,4.275112309074573,18,0.006295015352303987,licit
40,63,69,0.017665130568356373,2.1904761904761907,6.606758832565284,16,0.0,licit
40,189,200,0.005628729032984352,2.1164021164021163,4.239446133063154,14,0.002622738504108596,licit
40,134,134,0.007518796992481203,2.0,5.407922792054764,18,0.0,licit
40,147,147,0.00684931506849315,2.0,5.2899077439194855,19,0.0,licit
40,77,76,0.012987012987012988,1.974025974025974,7.900205058099795,22,0.0,licit
40,183,192,0.005764727076202486,2.098360655737705,4.96925478892692,17,0.0014176278488315004,licit
40,110,112,0.009341117597998333,2.036363636363636,4.822351959966639,16,0.03032529375386518,licit
40,126,128,0.008126984126984127,2.0317460317460316,5.921142857142857,22,0.021194546194546197,licit
40,149,156,0.007074188282241973,2.0939597315436242,5.417105024487575,18,0.008971105220611734,licit
40,91,90,0.01098901098901099,1.978021978021978,6.364346764346764,20,0.0,licit
40,124,127,0.008326776816155259,2.0483870967741935,4.132572777340677,13,0.018066061888338217,licit
40,110,112,0.009341117597998333,2.036363636363636,7.401501251042536,23,0.042567783094098886,licit
40,177,200,0.0064201335387776065,2.2598870056497176,4.312917308680021,13,0.03836817130848082,licit
40,88,87,0.011363636363636364,1.9772727272727273,6.828369905956113,18,0.0,licit
40,186,211,0.006131938390002906,2.2688172043010755,4.618657367044464,12,0.025981232029619127,licit
40,124,127,0.008326776816155259,2.0483870967741935,4.360608444794125,12,0.0,licit
40,30,29,0.03333333333333333,1.9333333333333333,6.604597701149426,17,0.0,licit
40,82,85,0.012797350195724179,2.073170731707317,4.210779885576634,11,0.012962298740634466,licit
40,107,110,0.00969846587903368,2.05607476635514,5.7725268912008465,17,0.0,licit
40,69,68,0.014492753623188406,1.9710144927536233,5.757885763000853,16,0.0,licit
40,91,92,0.011233211233211233,2.021978021978022,6.418559218559219,14,0.0,licit
40,104,105,0.009802091112770724,2.019230769230769,5.572815533980583,20,0.0,licit
40,52,51,0.019230769230769232,1.9615384615384615,4.350678733031674,11,0.0,licit
40,45,44,0.022222222222222223,1.9555555555555555,7.317171717171717,19,0.0,licit
40,97,98,0.01052405498281787,2.020618556701031,5.241838487972508,19,0.0,licit
40,41,40,0.024390243902439025,1.951219512195122,4.697560975609756,13,0.0,licit
41,88,90,0.011755485893416929,2.0454545454545454,6.667450365726228,17,0.0035714285714285713,licit
41,149,152,0.006892798839107564,2.040268456375839,6.781425721023036,21,0.02576090839020172,licit
41,179,182,0.005712133576046701,2.0335195530726256,4.816332935785575,13,0.0037267080745341614,licit
41,171,177,0.00608875128998968,2.0701754385964914,4.449191606467148,11,0.0,licit
41,127,131,0.008186476690413698,2.062992125984252,5.280089988751406,14,0.0,licit
41,172,177,0.006017951856385149,2.058139534883721,4.585135318917449,12,0.008147973132615519,licit
41,171,174,0.005985552115583075,2.0350877192982457,4.218644650842793,12,0.002694726488586138,licit
41,223,230,0.004645901506888054,2.062780269058296,5.220498525431261,15,0.012633113296010547,licit
41,155,157,0.006577293674067868,2.0258064516129033,6.35609551738584,23,0.008623655913978494,licit
41,288,309,0.0037383855981416958,2.1458333333333335,5.313056523422377,16,0.0042508513938371234,licit
41,287,357,0.004349309227358008,2.4878048780487805,4.877805121707561,13,0.009243139522571171,licit
41,182,186,0.005646287414243215,2.043956043956044,4.387529597474349,18,0.003664699498032831,licit
41,157,160,0.006532745386248571,2.038216560509554,6.481626653601176,19,0.0,licit
41,42,41,0.023809523809523808,1.9523809523809523,5.119628339140534,13,0.0,licit
41,134,138,0.007743238693749299,2.0597014925373136,5.2180451127819545,16,0.0,licit
41,38,37,0.02631578947368421,1.9473684210526316,8.277382645803698,19,0.0,licit
41,150,155,0.006935123042505592,2.066666666666667,8.358926174496645,23,0.0,licit
41,62,63,0.016657852987837122,2.032258064516129,5.241671073506081,13,0.0,licit
41,74,73,0.013513513513513514,1.972972972972973,6.571640133283969,17,0.0,licit
41,50,49,0.02,1.96,5.742857142857143,13,0.0,licit
41,133,133,0.007575757575757576,2.0,7.757120072909546,20,0.0,licit
41,163,164,0.006210709687192305,2.0122699386503067,6.816026660607438,20,0.0,licit
41,120,120,0.008403361344537815,2.0,7.834453781512605,23,0.0,licit
41,35,34,0.02857142857142857,1.9428571428571428,9.85546218487395,28,0.0,licit
41,113,116,0.009165613147914033,2.0530973451327434,7.072376738305942,16,0.006145526057030482,licit
41,40,39,0.025,1.95,6.0025641025641026,14,0.0,licit
41,51,50,0.0196078431372549,1.9607843137254901,16.949019607843137,49,0.0,licit
41,56,55,0.017857142857142856,1.9642857142857142,4.966883116883117,9,0.0,licit
41,23,22,0.043478260869565216,1.9130434782608696,5.138339920948616,10,0.0,licit
42,68,93,0.020412642669007903,2.735294117647059,4.4464442493415275,10,0.055353959765724464,licit
42,186,195,0.005666957279860506,2.096774193548387,7.986515547805871,26,0.0018177163338453663,licit
42,230,236,0.00448072906778052,2.0521739130434784,5.656464780710082,16,0.00542755476481708,licit
42,94,93,0.010638297872340425,1.9787234042553192,11.507892930679478,30,0.0,licit
42,200,206,0.0051758793969849245,2.06,7.453015075376884,33,0.016673923560716016,licit
42,26,25,0.038461538461538464,1.9230769230769231,9.0,25,0.0,licit
42,165,172,0.0063562453806356245,2.084848484848485,6.767479674796748,27,0.015569633618414104,licit
42,232,242,0.00451559934318555,2.086206896551724,7.307769816390506,26,0.008485408269891028,licit
42,190,198,0.005513784461152882,2.0842105263157893,5.528822055137844,17,0.0,licit
42,580,711,0.0021172056458817223,2.4517241379310346,4.310886784586981,11,0.011852416734173005,licit
42,71,70,0.014084507042253521,1.971830985915493,7.46317907444668,22,0.0,licit
42,333,360,0.0032562683165092803,2.1621621621621623,4.953760989905568,15,0.005583222787523863,licit
42,115,114,0.008695652173913044,1.982608695652174,12.529977116704805,40,0.0,licit
42,57,56,0.017543859649122806,1.9649122807017543,4.681704260651629,13,0.0,licit
42,347,383,0.003190018490446603,2.207492795389049,4.784278122969799,15,0.008753070496586347,licit
42,53,53,0.019230769230769232,2.0,5.913642960812772,16,0.005929919137466307,licit
42,132,137,0.007922738838769374,2.0757575757575757,4.8151746472357155,17,0.02603571951398039,licit
42,80,79,0.0125,1.975,8.527215189873418,21,0.0,licit
42,196,204,0.005337519623233909,2.0816326530612246,6.965096807953951,24,0.008815677338258783,licit
42,122,133,0.009009619292778756,2.180327868852459,4.188456848665492,11,0.01640013382402141,licit
42,100,99,0.01,1.98,15.316363636363636,49,0.0,licit
42,220,226,0.004690743046907431,2.0545454545454547,5.669821502698215,17,0.005757575757575757,licit
42,223,232,0.004686300650426211,2.0807174887892375,6.511008766614148,20,0.0021630045066884053,licit
42,110,111,0.009257714762301918,2.018181818181818,10.817180984153461,28,0.0,licit
42,143,144,0.0070915000492465284,2.013986013986014,12.22643553629469,50,0.023331023331023326,licit
42,115,117,0.008924485125858124,2.034782608695652,5.838901601830663,18,0.003035515209428253,licit
42,110,123,0.010258548790658883,2.2363636363636363,8.346455379482903,29,0.0,licit
42,175,176,0.005779967159277504,2.0114285714285716,7.390870279146141,22,0.0038246409674981105,licit
42,142,143,0.007142143641993807,2.0140845070422535,4.909899110977924,16,0.02582633850239484,licit
42,103,102,0.009708737864077669,1.9805825242718447,8.602703217209214,24,0.0,licit
42,108,116,0.010038075458636206,2.1481481481481484,8.133091034960193,17,0.007716049382716049,licit
42,44,43,0.022727272727272728,1.9545454545454546,3.525369978858351,8,0.0,licit
42,68,67,0.014705882352941176,1.9705882352941178,7.071115013169447,18,0.0,licit
43,172,178,0.006051951584387325,2.0697674418604652,5.35250917992656,18,0.009297097051795015,licit
43,144,174,0.00844988344988345,2.4166666666666665,5.915404040404041,15,0.0,licit
43,164,165,0.0061723776746969924,2.0121951219512195,4.493490947179411,13,0.0,licit
43,190,235,0.006544138123085491,2.473684210526316,5.844611528822055,15,0.010547118785105055,licit
43,187,188,0.0054050945891553105,2.0106951871657754,5.435570122477143,17,0.0,licit
43,182,183,0.005555218262400583,2.010989010989011,6.510594377997693,24,0.010259734216177048,licit
43,125,131,0.008451612903225806,2.096,8.503612903225806,25,0.01622222222222222,licit
43,98,97,0.01020408163265306,1.9795918367346939,23.387755102040817,67,0.0,licit
43,83,82,0.012048192771084338,1.9759036144578312,10.6729356450191,31,0.0,licit
43,90,89,0.011111111111111112,1.9777777777777779,10.110861423220975,29,0.0,licit
43,142,156,0.007791429427629608,2.1971830985915495,6.798221955848566,17,0.0,licit
43,93,94,0.010986442262739598,2.021505376344086,9.785881252921927,28,0.0,licit
43,159,159,0.006329113924050633,2.0,6.49534272748985,22,0.0,licit
43,142,141,0.007042253521126761,1.9859154929577465,7.024772749975027,19,0.0,licit
43,77,76,0.012987012987012988,1.974025974025974,10.2365003417635,23,0.0,licit
43,162,163,0.006249520742274366,2.0123456790123457,4.329959358944866,13,0.006178774928774929,licit
43,175,177,0.005812807881773399,2.0228571428571427,4.560394088669951,12,0.002101917564220311,licit
43,63,66,0.016897081413210446,2.0952380952380953,8.69431643625192,25,0.03756613756613757,licit
43,210,253,0.0057644110275689225,2.4095238095238094,5.331510594668489,15,0.0,licit
43,228,306,0.005912357987479713,2.6842105263157894,4.904629414947059,14,0.0,licit
43,64,65,0.016121031746031748,2.03125,7.515376984126984,17,0.0,licit
43,98,98,0.010309278350515464,2.0,11.123500946770461,30,0.0,licit
43,162,182,0.006977992485238862,2.246913580246914,6.074074074074074,22,0.034858454302898745,licit
43,85,85,0.011904761904761904,2.0,7.480112044817927,17,0.0,licit
43,82,82,0.012345679012345678,2.0,8.674796747967479,21,0.0,licit
43,77,76,0.012987012987012988,1.974025974025974,7.912508544087491,19,0.0,licit
43,45,44,0.022222222222222223,1.9555555555555555,7.1878787878787875,17,0.0,licit
43,98,97,0.01020408163265306,1.9795918367346939,20.67073427309068,55,0.0,licit
43,60,63,0.017796610169491526,2.1,4.531638418079096,13,0.011171497584541062,licit
43,57,56,0.017543859649122806,1.9649122807017543,7.696741854636591,20,0.0,licit
43,62,63,0.016657852987837122,2.032258064516129,5.378635642517187,12,0.021639784946236557,licit
43,25,24,0.04,1.92,5.473333333333334,12,0.0,licit
43,65,64,0.015384615384615385,1.9692307692307693,11.325,24,0.0,licit
43,80,79,0.0125,1.975,11.874683544303798,29,0.0,licit
44,205,213,0.005093256814921091,2.078048780487805,6.295408895265423,24,0.011494927432313671,licit
44,95,95,0.010638297872340425,2.0,9.744232922732364,28,0.0,licit
44,74,74,0.0136986301369863,2.0,6.654942613846724,17,0.0,licit
44,74,74,0.0136986301369863,2.0,7.103665309144761,19,0.0,licit
44,138,141,0.007457949857188194,2.0434782608695654,7.497831376282662,24,0.00992063492063492,licit
44,92,95,0.011347348303870044,2.0652173913043477,6.117056856187291,16,0.0016304347826086956,licit
44,73,72,0.0136986301369863,1.9726027397260273,10.91324200913242,31,0.0,licit
44,132,133,0.007691417996761508,2.015151515151515,9.86259541984733,27,0.0,licit
44,195,207,0.005471847739888977,2.123076923076923,7.95786412899815,21,0.0,licit
44,178,193,0.006125817304640386,2.168539325842697,5.396495905541801,16,0.022094282206641752,licit
44,39,38,0.02564102564102564,1.9487179487179487,7.017543859649122,17,0.0,licit
44,124,128,0.008392341987936008,2.064516129032258,6.802648832939942,20,0.0,licit
44,150,164,0.007337807606263982,2.1866666666666665,4.7470246085011185,18,0.09462953490574973,licit
44,74,73,0.013513513513513514,1.972972972972973,9.400222139948168,24,0.0,licit
44,202,207,0.005098271021131964,2.0495049504950495,6.007388798581351,23,0.006604119531450001,licit
44,119,122,0.008688221051132317,2.0504201680672267,8.644779945876655,24,0.019607843137254898,licit
44,66,67,0.015617715617715617,2.0303030303030303,7.28997668997669,18,0.0,licit
44,223,241,0.004868096796347917,2.1614349775784754,4.871530723548661,16,0.040011610668344355,licit
44,149,157,0.007119535643025576,2.1073825503355703,5.8089062216578995,17,0.00045759609517998775,licit
44,80,79,0.0125,1.975,7.553481012658228,19,0.0,licit
44,101,105,0.010396039603960397,2.0792079207920793,2.929108910891089,9,0.023138923073293155,licit
44,84,83,0.011904761904761904,1.9761904761904763,13.161216293746413,41,0.0,licit
44,56,56,0.01818181818181818,2.0,6.29025974025974,18,0.0,licit
44,48,48,0.02127659574468085,2.0,6.24113475177305,16,0.029861111111111113,licit
44,142,159,0.007941264608930177,2.23943661971831,8.064628908200978,26,0.0,licit
44,69,68,0.014492753623188406,1.9710144927536233,6.213981244671782,18,0.0,licit
44,49,48,0.02040816326530612,1.9591836734693877,8.772108843537415,25,0.0,licit
44,101,101,0.01,2.0,7.495445544554456,18,0.0,licit
44,76,76,0.013333333333333334,2.0,7.999649122807018,22,0.0,licit
44,99,100,0.01030715316429602,2.0202020202020203,4.840032982890126,17,0.02021718688385355,licit
44,104,103,0.009615384615384616,1.9807692307692308,8.994958924570575,31,0.0,licit
44,71,72,0.01448692152917505,2.028169014084507,7.499798792756539,18,0.01784037558685446,licit
44,47,46,0.02127659574468085,1.9574468085106382,6.024051803885292,15,0.0,licit
44,148,154,0.007078507078507079,2.081081081081081,7.665379665379666,21,0.0,licit
44,96,108,0.011842105263157895,2.25,6.567543859649123,15,0.028968253968253973,licit
44,38,37,0.02631578947368421,1.9473684210526316,6.556187766714083,20,0.0,licit
44,67,67,0.015151515151515152,2.0,16.640434192673,43,0.0,licit
44,137,148,0.00794332331472735,2.1605839416058394,4.895985401459854,14,0.01587574202430364,licit
44,91,95,0.0115995115995116,2.087912087912088,6.796092796092796,15,0.0,licit
44,15,14,0.06666666666666667,1.8666666666666667,4.438095238095238,11,0.0,licit
44,89,88,0.011235955056179775,1.9775280898876404,11.199693564862104,28,0.0,licit
44,67,67,0.015151515151515152,2.0,5.5278154681139755,12,0.01691542288557214,licit
44,28,28,0.037037037037037035,2.0,5.875661375661376,14,0.0,licit
44,13,12,0.07692307692307693,1.8461538461538463,2.923076923076923,5,0.0,licit
45,253,295,0.004627015496580714,2.3320158102766797,5.408714473931865,15,0.02645071760566607,licit
45,79,78,0.012658227848101266,1.9746835443037976,5.954560207724764,18,0.0,licit
45,152,157,0.006840362495643081,2.0657894736842106,6.124259323806204,19,0.002338974907624793,licit
45,153,156,0.006707946336429308,2.0392156862745097,4.8086515307877535,19,0.0,licit
45,130,131,0.007811568276684556,2.0153846153846153,5.881335718545021,27,0.025653092006033183,licit
45,190,204,0.0056808688387635755,2.1473684210526316,4.849401280980229,15,0.016488938692886063,licit
45,57,57,0.017857142857142856,2.0,4.380952380952381,13,0.0,licit
45,129,130,0.007873062015503876,2.0155038759689923,4.703972868217054,15,0.0,licit
45,137,143,0.007674967797337913,2.0875912408759123,5.624731644482611,18,0.019923910952872572,licit
45,255,279,0.004307549791570171,2.1882352941176473,4.308877566774742,14,0.017554458590157463,licit
45,172,178,0.006051951584387325,2.0697674418604652,5.014415884672923,17,0.0,licit
45,149,150,0.006802104117540359,2.0134228187919465,4.915472519499365,20,0.0044787923982554856,licit
45,422,552,0.003107023449021175,2.6161137440758293,5.072497213810494,14,0.053119653914610515,licit
45,222,241,0.0049121519709755005,2.171171171171171,4.737067384126208,17,0.011395416434790147,licit
45,145,147,0.007040229885057471,2.027586206896552,4.841858237547893,18,0.022996042962125495,licit
45,159,158,0.006289308176100629,1.9874213836477987,4.023246556802802,13,0.0,licit
45,159,161,0.006408725419950641,2.0251572327044025,4.584507602897858,21,0.006337759863958825,licit
45,166,172,0.006279664110989412,2.072289156626506,5.818912011683096,23,0.006435947873125153,licit
45,37,36,0.02702702702702703,1.945945945945946,4.093093093093093,8,0.0,licit
45,85,86,0.012044817927170869,2.023529411764706,5.640336134453782,14,0.0,licit
45,103,102,0.009708737864077669,1.9805825242718447,6.250523510375023,24,0.0,licit
45,135,138,0.0076285240464344945,2.0444444444444443,7.793477059148701,30,0.01732356242160164,licit
45,138,139,0.007352163334391199,2.0144927536231885,4.538347614513911,17,0.0,licit
45,95,94,0.010526315789473684,1.9789473684210526,6.402239641657335,21,0.0,licit
45,144,143,0.006944444444444444,1.9861111111111112,3.6703574203574205,10,0.0,licit
45,61,60,0.01639344262295082,1.9672131147540983,6.214207650273224,14,0.0,licit
45,142,143,0.007142143641993807,2.0140845070422535,3.8710418539606435,13,0.007047763891644073,licit
45,114,113,0.008771929824561403,1.9824561403508771,8.72193758733116,23,0.0,licit
45,150,150,0.006711409395973154,2.0,4.944519015659956,21,0.0,licit
45,35,35,0.029411764705882353,2.0,7.223529411764706,18,0.0,licit
45,43,43,0.023809523809523808,2.0,6.2181616832779625,18,0.0,licit
45,24,23,0.041666666666666664,1.9166666666666667,7.036231884057971,19,0.0,licit
45,23,22,0.043478260869565216,1.9130434782608696,7.565217391304348,21,0.0,licit
46,169,170,0.005987602141448296,2.0118343195266273,4.335446604677374,12,0.0,licit
46,142,151,0.007541704125461992,2.1267605633802815,4.503845769653381,13,0.042284716048227346,licit
46,60,59,0.016666666666666666,1.9666666666666666,5.67909604519774,13,0.0,licit
46,143,149,0.007337732689845366,2.0839160839160837,3.8892938047867625,10,0.01635227517580459,licit
46,96,95,0.010416666666666666,1.9791666666666667,4.972149122807018,14,0.0,licit
46,228,235,0.004540536362933766,2.06140350877193,2.8548187649741092,8,0.05848243437377563,licit
46,178,188,0.005967117374468355,2.1123595505617976,4.246683171459405,13,0.007260432295544656,licit
46,57,56,0.017543859649122806,1.9649122807017543,7.927318295739348,25,0.0,licit
46,80,80,0.012658227848101266,2.0,4.7215189873417724,12,0.0,licit
46,81,80,0.012345679012345678,1.9753086419753085,6.05679012345679,15,0.0,licit
46,70,69,0.014285714285714285,1.9714285714285715,5.39296066252588,14,0.0,licit
46,78,79,0.013153513153513154,2.0256410256410255,5.853146853146853,16,0.0,licit
46,181,187,0.005739717618170657,2.0662983425414363,4.199570288520564,14,0.013264819894654148,licit
46,128,133,0.008181594488188976,2.078125,3.9147391732283463,9,0.008378201870961015,licit
46,176,175,0.005681818181818182,1.9886363636363635,4.2646103896103895,13,0.0,licit
46,26,25,0.038461538461538464,1.9230769230769231,4.092307692307692,9,0.0,licit
46,62,61,0.016129032258064516,1.967741935483871,4.058699101004759,10,0.0,licit
46,67,69,0.015603799185888738,2.0597014925373136,6.818634102216191,16,0.010483297796730632,licit
46,30,29,0.03333333333333333,1.9333333333333333,3.924137931034483,8,0.0,licit
46,58,59,0.017846339987900785,2.0344827586206895,4.269207501512402,10,0.003256704980842912,licit
46,63,62,0.015873015873015872,1.9682539682539681,4.833589349718382,12,0.0,licit
46,116,117,0.008770614692653673,2.0172413793103448,3.824287856071964,11,0.01724763525349082,licit
46,84,84,0.012048192771084338,2.0,6.448651749856569,13,0.0,licit
46,28,27,0.03571428571428571,1.9285714285714286,4.015873015873016,9,0.0,licit
46,32,31,0.03125,1.9375,3.681451612903226,8,0.0,licit
46,35,34,0.02857142857142857,1.9428571428571428,3.8117647058823527,9,0.0,licit
46,53,53,0.019230769230769232,2.0,4.6415094339622645,11,0.0,licit
47,48,47,0.020833333333333332,1.9583333333333333,6.00354609929078,17,0.0,licit
47,202,210,0.005172159006945471,2.0792079207920793,4.4484508152307765,11,0.00843119640149343,licit
47,184,185,0.005494179139938228,2.010869565217391,4.001009741031123,12,0.0,licit
47,127,128,0.007999000124984376,2.015748031496063,5.54530683664542,17,0.0,licit
47,150,158,0.0070693512304250555,2.1066666666666665,5.599015659955257,18,0.016966363964940813,licit
47,69,70,0.014919011082693947,2.028985507246377,10.452259164535379,26,0.0,licit
47,187,189,0.005433845092289115,2.021390374331551,4.4872635271117245,11,0.0,licit
47,127,128,0.007999000124984376,2.015748031496063,3.9722534683164605,10,0.0,licit
47,204,203,0.004901960784313725,1.9901960784313726,4.471119482275669,13,0.0,licit
47,152,151,0.006578947368421052,1.986842105263158,4.245033112582782,12,0.0,licit
47,201,203,0.005049751243781094,2.0199004975124377,4.398308457711443,14,0.0007369705491997259,licit
47,75,74,0.013333333333333334,1.9733333333333334,7.003963963963964,16,0.0,licit
47,199,202,0.005126643317598091,2.030150753768844,4.844018070148723,16,0.006702660126026959,licit
47,188,203,0.005774263283650017,2.1595744680851063,5.3305267948572075,14,0.004882912595678553,licit
47,86,87,0.011901504787961696,2.0232558139534884,5.285636114911081,19,0.027588519551583847,licit
47,73,73,0.013888888888888888,2.0,6.273211567732115,17,0.0,licit
47,107,107,0.009433962264150943,2.0,4.269970022923647,15,0.012467590143485047,licit
47,176,184,0.0059740259740259745,2.090909090909091,7.13987012987013,23,0.0,licit
47,64,67,0.016617063492063492,2.09375,7.127480158730159,18,0.013020833333333332,licit
47,84,86,0.012335054503729202,2.0476190476190474,8.985656913367757,24,0.0,licit
47,157,161,0.006573575044912625,2.050955414012739,7.322227666176711,21,0.0,licit
47,117,122,0.008989095195991748,2.0854700854700856,5.635720601237843,17,0.01999561691869384,licit
47,136,140,0.007625272331154684,2.0588235294117645,6.9,20,0.0019257703081232494,licit
47,97,97,0.010416666666666666,2.0,5.352233676975945,13,0.0,licit
47,41,40,0.024390243902439025,1.951219512195122,5.236585365853658,13,0.0,licit
47,93,96,0.011220196353436185,2.064516129032258,5.205703599812996,17,0.046616660885651515,licit
47,67,66,0.014925373134328358,1.9701492537313432,8.798733604703754,20,0.0,licit
47,93,92,0.010752688172043012,1.978494623655914,9.74801309022908,25,0.0,licit
47,85,90,0.012605042016806723,2.1176470588235294,4.358543417366946,11,0.06282623394185259,licit
47,94,95,0.010867078471745596,2.021276595744681,6.435598261267445,16,0.03906308324001493,licit
47,45,44,0.022222222222222223,1.9555555555555555,6.531313131313131,20,0.0,licit
47,35,34,0.02857142857142857,1.9428571428571428,4.568067226890756,12,0.0,licit
47,20,19,0.05,1.9,4.205263157894737,9,0.0,licit
48,101,110,0.01089108910891089,2.1782178217821784,4.472475247524753,14,0.016185398759656185,licit
48,127,128,0.007999000124984376,2.015748031496063,3.748281464816898,12,0.0,licit
48,147,153,0.00712887894883981,2.0816326530612246,3.735998508992638,13,0.01020408163265306,licit
48,134,136,0.007631017843115251,2.029850746268657,4.166535742340927,15,0.02985710832029113,licit
48,114,119,0.009237696009936345,2.087719298245614,5.301816488122962,22,0.02194754563175616,licit
48,140,145,0.007451181911613566,2.0714285714285716,3.447584789311408,9,0.041912695474339304,licit
48,54,53,0.018518518518518517,1.962962962962963,6.006988120195667,16,0.0,licit
48,61,60,0.01639344262295082,1.9672131147540983,2.718032786885246,8,0.0,licit
48,132,148,0.008558871154291001,2.242424242424242,3.2092297015961138,12,0.049578405379840776,licit
48,96,111,0.012171052631578947,2.3125,4.4875,12,0.04311342592592592,licit
48,142,200,0.009989012086704625,2.816901408450704,2.6227150134851662,9,0.3779988801309383,licit
48,111,111,0.00909090909090909,2.0,3.7574119574119575,15,0.018022782168736692,licit
48,139,141,0.0073506412261495156,2.028776978417266,6.056615577103535,21,0.0,licit
49,99,101,0.010410224695938981,2.04040404040404,4.064728921871779,15,0.013641465156616673,licit
49,81,83,0.012808641975308642,2.049382716049383,5.213271604938272,15,0.0,licit
49,67,66,0.014925373134328358,1.9701492537313432,5.769335142469471,14,0.0,licit
49,76,77,0.013508771929824562,2.026315789473684,6.110877192982456,18,0.0,licit
49,103,103,0.00980392156862745,2.0,5.532076908433276,23,0.0,licit
49,67,66,0.014925373134328358,1.9701492537313432,6.599728629579376,14,0.0,licit
49,116,116,0.008695652173913044,2.0,3.3019490254872563,8,0.002973166517877213,licit
49,95,114,0.01276595744680851,2.4,3.90548712206047,12,0.19663730755460074,licit
49,44,43,0.022727272727272728,1.9545454545454546,15.0,43,0.0,licit
49,33,32,0.030303030303030304,1.9393939393939394,8.780303030303031,24,0.0,licit
49,26,25,0.038461538461538464,1.9230769230769231,3.1969230769230768,6,0.0,licit
49,32,31,0.03125,1.9375,10.151209677419354,28,0.0,licit
49,20,19,0.05,1.9,3.1210526315789475,7,0.0,licit
